NU_ANO_CENSO|CO_ENTIDADE|NO_ENTIDADE|CO_ORGAO_REGIONAL|TP_SITUACAO_FUNCIONAMENTO|DT_ANO_LETIVO_INICIO|DT_ANO_LETIVO_TERMINO|CO_REGIAO|CO_MESORREGIAO|CO_MICRORREGIAO|CO_UF|CO_MUNICIPIO|CO_DISTRITO|TP_DEPENDENCIA|TP_LOCALIZACAO|TP_CATEGORIA_ESCOLA_PRIVADA|IN_CONVENIADA_PP|TP_CONVENIO_PODER_PUBLICO|IN_MANT_ESCOLA_PRIVADA_EMP|IN_MANT_ESCOLA_PRIVADA_ONG|IN_MANT_ESCOLA_PRIVADA_SIND|IN_MANT_ESCOLA_PRIVADA_SIST_S|IN_MANT_ESCOLA_PRIVADA_S_FINS|CO_ESCOLA_SEDE_VINCULADA|CO_IES_OFERTANTE|TP_REGULAMENTACAO|IN_LOCAL_FUNC_PREDIO_ESCOLAR|TP_OCUPACAO_PREDIO_ESCOLAR|IN_LOCAL_FUNC_SALAS_EMPRESA|IN_LOCAL_FUNC_SOCIOEDUCATIVO|IN_LOCAL_FUNC_UNID_PRISIONAL|IN_LOCAL_FUNC_PRISIONAL_SOCIO|IN_LOCAL_FUNC_TEMPLO_IGREJA|IN_LOCAL_FUNC_CASA_PROFESSOR|IN_LOCAL_FUNC_GALPAO|TP_OCUPACAO_GALPAO|IN_LOCAL_FUNC_SALAS_OUTRA_ESC|IN_LOCAL_FUNC_OUTROS|IN_PREDIO_COMPARTILHADO|IN_AGUA_FILTRADA|IN_AGUA_REDE_PUBLICA|IN_AGUA_POCO_ARTESIANO|IN_AGUA_CACIMBA|IN_AGUA_FONTE_RIO|IN_AGUA_INEXISTENTE|IN_ENERGIA_REDE_PUBLICA|IN_ENERGIA_GERADOR|IN_ENERGIA_OUTROS|IN_ENERGIA_INEXISTENTE|IN_ESGOTO_REDE_PUBLICA|IN_ESGOTO_FOSSA|IN_ESGOTO_INEXISTENTE|IN_LIXO_COLETA_PERIODICA|IN_LIXO_QUEIMA|IN_LIXO_JOGA_OUTRA_AREA|IN_LIXO_RECICLA|IN_LIXO_ENTERRA|IN_LIXO_OUTROS|IN_SALA_DIRETORIA|IN_SALA_PROFESSOR|IN_LABORATORIO_INFORMATICA|IN_LABORATORIO_CIENCIAS|IN_SALA_ATENDIMENTO_ESPECIAL|IN_QUADRA_ESPORTES_COBERTA|IN_QUADRA_ESPORTES_DESCOBERTA|IN_QUADRA_ESPORTES|IN_COZINHA|IN_BIBLIOTECA|IN_SALA_LEITURA|IN_BIBLIOTECA_SALA_LEITURA|IN_PARQUE_INFANTIL|IN_BERCARIO|IN_BANHEIRO_FORA_PREDIO|IN_BANHEIRO_DENTRO_PREDIO|IN_BANHEIRO_EI|IN_BANHEIRO_PNE|IN_DEPENDENCIAS_PNE|IN_SECRETARIA|IN_BANHEIRO_CHUVEIRO|IN_REFEITORIO|IN_DESPENSA|IN_ALMOXARIFADO|IN_AUDITORIO|IN_PATIO_COBERTO|IN_PATIO_DESCOBERTO|IN_ALOJAM_ALUNO|IN_ALOJAM_PROFESSOR|IN_AREA_VERDE|IN_LAVANDERIA|IN_DEPENDENCIAS_OUTRAS|NU_SALAS_EXISTENTES|NU_SALAS_UTILIZADAS|IN_EQUIP_TV|IN_EQUIP_VIDEOCASSETE|IN_EQUIP_DVD|IN_EQUIP_PARABOLICA|IN_EQUIP_COPIADORA|IN_EQUIP_RETROPROJETOR|IN_EQUIP_IMPRESSORA|IN_EQUIP_IMPRESSORA_MULT|IN_EQUIP_SOM|IN_EQUIP_MULTIMIDIA|IN_EQUIP_FAX|IN_EQUIP_FOTO|IN_COMPUTADOR|NU_EQUIP_TV|NU_EQUIP_VIDEOCASSETE|NU_EQUIP_DVD|NU_EQUIP_PARABOLICA|NU_EQUIP_COPIADORA|NU_EQUIP_RETROPROJETOR|NU_EQUIP_IMPRESSORA|NU_EQUIP_IMPRESSORA_MULT|NU_EQUIP_SOM|NU_EQUIP_MULTIMIDIA|NU_EQUIP_FAX|NU_EQUIP_FOTO|NU_COMPUTADOR|NU_COMP_ADMINISTRATIVO|NU_COMP_ALUNO|IN_INTERNET|IN_BANDA_LARGA|NU_FUNCIONARIOS|IN_ALIMENTACAO|TP_AEE|TP_ATIVIDADE_COMPLEMENTAR|IN_FUNDAMENTAL_CICLOS|TP_LOCALIZACAO_DIFERENCIADA|IN_MATERIAL_ESP_QUILOMBOLA|IN_MATERIAL_ESP_INDIGENA|IN_MATERIAL_ESP_NAO_UTILIZA|IN_EDUCACAO_INDIGENA|TP_INDIGENA_LINGUA|CO_LINGUA_INDIGENA|IN_BRASIL_ALFABETIZADO|IN_FINAL_SEMANA|IN_FORMACAO_ALTERNANCIA|IN_MEDIACAO_PRESENCIAL|IN_MEDIACAO_SEMIPRESENCIAL|IN_MEDIACAO_EAD|IN_ESPECIAL_EXCLUSIVA|IN_REGULAR|IN_EJA|IN_PROFISSIONALIZANTE|IN_COMUM_CRECHE|IN_COMUM_PRE|IN_COMUM_FUND_AI|IN_COMUM_FUND_AF|IN_COMUM_MEDIO_MEDIO|IN_COMUM_MEDIO_INTEGRADO|IN_COMUM_MEDIO_NORMAL|IN_ESP_EXCLUSIVA_CRECHE|IN_ESP_EXCLUSIVA_PRE|IN_ESP_EXCLUSIVA_FUND_AI|IN_ESP_EXCLUSIVA_FUND_AF|IN_ESP_EXCLUSIVA_MEDIO_MEDIO|IN_ESP_EXCLUSIVA_MEDIO_INTEGR|IN_ESP_EXCLUSIVA_MEDIO_NORMAL|IN_COMUM_EJA_FUND|IN_COMUM_EJA_MEDIO|IN_COMUM_EJA_PROF|IN_ESP_EXCLUSIVA_EJA_FUND|IN_ESP_EXCLUSIVA_EJA_MEDIO|IN_ESP_EXCLUSIVA_EJA_PROF|IN_COMUM_PROF|IN_ESP_EXCLUSIVA_PROF
2017|35302211|CARROSSEL ESCOLA DESENVOLVIMENTO EDUCACIONAL INFANTIL|20408|1|31/01/2017|19/12/2017|3|3506|35026|35|3543907|354390705|4|1|1|0||1|1|1|1|1|||1|1|1|0|0|0|0|0|0|0||0|0|0|1|1|0|0|0|0|1|0|0|0|1|0|0|0|0|1|0|0|0|1|1|0|0|0|0|0|0|1|1|0|1|1|1|0|0|1|0|0|1|0|1|0|0|0|0|1|0|0|0|1|0|6|6|1|0|1|0|1|0|1|1|0|0|0|1|0|1|0|1|0|1|0|2|1|0|0|0|1|0|0|0|0|0|12|1|0|0||0|0|0|1|0|||0|0|0|1|0|0|0|1|0|0|1|1|0|0|0|0|0|0|0|0|0|0|0|0|0|0|0|0|0|0|0|0
2017|35267284|ANTONIO SEBASTIAO DA SILVA PROF ESCOLA MUNICIPAL|20408|1|06/02/2017|18/12/2017|3|3506|35026|35|3543907|354390705|3|1|||||||||||1|1|1|0|0|0|0|0|0|0||0|0|0|1|1|0|0|0|0|1|0|0|0|1|0|0|1|0|0|0|0|0|1|1|1|0|1|0|1|1|1|0|0|0|1|0|0|0|0|0|0|1|0|0|1|0|0|1|0|0|0|0|0|0|16|16|0|0|0|0|1|1|1|1|1|1|0|0|1|0|0|0|0|1|1|2|5|6|1|0|0|7|5|2|1|1|57|1|1|0|1|0|0|0|1|0|||0|1|0|1|0|0|0|1|0|0|0|0|1|0|0|0|0|0|0|0|0|0|0|0|0|0|0|0|0|0|0|0
2017|35114029|SESI 083 CENTRO EDUCACIONAL|17000|1|23/01/2017|15/12/2017|3|3506|35026|35|3543907|354390705|4|1|1|0||0|0|0|1|0|||1|1|1|0|0|0|0|0|0|0||0|0|0|1|1|0|0|0|0|1|0|0|0|1|0|0|1|0|0|0|0|0|1|1|1|1|0|1|1|1|1|1|0|1|1|0|1|1|0|0|0|1|0|1|1|1|1|1|1|0|0|1|1|0|27|27|1|0|1|0|1|1|1|1|1|1|1|1|1|23|0|16|0|1|1|14|1|8|15|1|2|78|16|62|1|1|66|1|0|0|0|0|0|0|1|0|||0|0|0|1|0|0|0|1|0|0|0|0|1|1|1|0|0|0|0|0|0|0|0|0|0|0|0|0|0|0|0|0
2017|35269207|CENTRO DE RESSOCIALIZACAO MASC DE RIO CLARO CLS PROV|20408|1|01/02/2017|28/06/2017|3|3506|35026|35|3543907|354390705|2|1|||||||||35021787||1|0||0|0|1|1|0|0|0||0|0||1|1|0|0|0|0|1|0|0|0|1|0|0|1|0|0|0|0|0|0|0|0|0|0|0|0|0|1|0|0|0|0|0|0|0|0|0|0|0|0|0|0|0|0|0|0|0|0|0|0|0|6|6|1|1|1|0|0|0|0|0|1|1|0|0|0|1|1|1|0|0|0|0|0|1|1|0|0|0|0|0|0|0|9|1|0|0||0|0|0|1|0|||0|0|0|1|0|0|0|0|1|0|0|0|0|0|0|0|0|0|0|0|0|0|0|0|1|1|0|0|0|0|0|0
2017|35909567|HELOISA LEMENHE MARASCA PROFESSORA|20408|1|01/02/2017|21/12/2017|3|3506|35026|35|3543907|354390705|2|1|||||||||||1|1|1|0|0|0|0|0|0|0||0|0|0|1|1|0|0|0|0|1|0|0|0|1|0|0|1|0|0|1|0|1|0|1|1|0|0|1|0|1|1|0|1|1|0|0|0|0|0|0|0|1|0|0|0|0|0|1|1|0|0|0|0|0|20|20|1|1|1|0|0|0|1|1|1|1|0|1|1|2|1|1|0|0|0|4|4|1|3|0|2|27|7|20|1|1|64|1|0|0|1|0|0|0|1|0|||0|0|0|1|0|0|0|1|0|0|0|0|0|1|1|0|0|0|0|0|0|0|0|0|0|0|0|0|0|0|0|0
2017|35021787|BARAO DE PIRACICABA|20408|1|01/02/2017|21/12/2017|3|3506|35026|35|3543907|354390705|2|1|||||||||||1|1|3|0|0|0|0|0|0|0||0|0|0|1|1|0|0|0|0|1|0|0|0|1|0|0|1|0|0|0|0|0|1|1|1|0|0|0|1|1|1|0|0|0|0|0|0|1|0|0|1|1|0|1|0|0|0|0|1|0|0|0|0|0|18|18|1|1|1|0|1|1|1|1|1|1|0|1|1|7|1|2|0|4|2|5|4|2|2|0|1|22|8|14|1|1|37|1|0|0|1|0|0|0|1|0|||0|0|0|1|0|0|0|1|0|0|0|0|0|1|0|0|0|0|0|0|0|0|0|0|0|0|0|0|0|0|0|0
2017|35296351|CENTRO ATEND SOCIOEDUC AO ADOLESCENTE DE RIO CLARO CI|20408|1|01/02/2017|21/12/2017|3|3506|35026|35|3543907|354390705|2|2|||||||||35021787||1|1|1|0|1|0|1|0|0|0||0|0|0|1|1|0|0|0|0|1|0|0|0|1|0|0|1|0|0|0|0|0|0|0|0|0|0|0|0|0|0|0|0|0|0|0|1|1|0|1|0|0|0|0|0|0|0|0|0|0|0|0|0|0|5|5|1|0|0|0|0|0|1|1|1|1|1|0|0|1|0|0|0|0|0|1|1|1|1|1|0|0|0|0|0|0|10|0|0|0|1|0|0|0|1|0|||0|0|0|1|0|0|0|1|0|0|0|0|1|1|1|0|0|0|0|0|0|0|0|0|0|0|0|0|0|0|0|0
2017|35464284|MARIA ISABEL SOARES PROFESSORA EM|20408|1|06/02/2017|20/12/2017|3|3506|35026|35|3543907|354390705|3|1|||||||||||1|1|1|0|0|0|0|0|0|0||0|0|0|1|1|0|0|0|0|1|0|0|0|1|0|0|1|0|0|0|0|0|1|1|0|0|0|0|0|0|1|0|0|0|0|1|0|0|1|0|0|0|0|1|1|1|0|0|0|0|0|0|1|0|4|4|1|0|1|0|0|0|0|1|1|1|0|1|1|1|0|2|0|0|0|0|2|1|1|0|1|1|1|0|1|1|20|1|0|0||0|0|0|1|0|||0|0|0|1|0|0|0|1|0|0|1|0|0|0|0|0|0|0|0|0|0|0|0|0|0|0|0|0|0|0|0|0
2017|35900448|SYLVIO DE ARAUJO PROF|20408|2|||3|3506|35026|35|3543907|354390705|2|1|||||||||||||||||||||||||||||||||||||||||||||||||||||||||||||||||||||||||||||||||||||||||||||||||||||||||||||||||||||||||||||||||||||||||||||||||||||||
2017|35036316|HAMILTON PRADO DEPUTADO FEDERAL|20408|2|||3|3506|35026|35|3543907|354390705|2|1|||||||||||||||||||||||||||||||||||||||||||||||||||||||||||||||||||||||||||||||||||||||||||||||||||||||||||||||||||||||||||||||||||||||||||||||||||||||
2017|35021738|ODILON CORREA PROFESSOR|20408|1|01/02/2017|21/12/2017|3|3506|35026|35|3543907|354390705|2|1|||||||||||1|1|1|0|0|0|0|0|0|0||0|0|0|1|1|0|0|0|0|1|0|0|0|1|0|0|1|0|0|0|0|0|1|1|1|0|0|1|0|1|1|0|1|1|0|0|0|1|0|1|1|1|0|0|1|0|0|1|1|0|0|0|0|0|10|10|1|0|1|1|0|1|1|1|1|1|1|1|1|4|0|1|1|0|1|1|4|2|2|1|2|18|10|8|1|1|58|1|0|0|1|0|0|0|1|0|||0|0|0|1|0|0|0|1|1|0|0|0|0|1|1|0|0|0|0|0|0|0|0|0|0|1|0|0|0|0|0|0
2017|35159037|RIO CLARO COMPLEXO EDUCACIONAL|20408|1|01/02/2017|29/12/2017|3|3506|35026|35|3543907|354390705|4|1|1|0||1|0|0|0|0|||1|1|1|0|0|0|0|0|0|0||0|0|0|1|1|0|0|0|0|1|0|0|0|1|0|0|1|0|0|0|0|0|1|1|1|1|0|1|0|1|1|1|1|1|1|1|0|1|1|1|0|1|1|0|1|1|0|1|0|0|0|0|0|0|24|24|1|0|0|1|1|1|1|0|1|0|0|1|1|3|0|0|1|3|6|7|0|6|0|0|3|39|6|33|1|1|64|0|0|0|1|0|0|0|1|0|||0|0|0|1|0|0|0|1|0|0|1|1|1|1|1|0|0|0|0|0|0|0|0|0|0|0|0|0|0|0|0|0
2017|35236421|JOSE DE CAMPOS CHAGAS PROF DR ESCOLA MUNICIPAL|20408|1|06/02/2017|18/12/2017|3|3506|35026|35|3543907|354390705|3|1|||||||||||1|1|2|0|0|0|0|0|0|0||0|0|0|1|1|0|0|0|0|1|0|0|0|1|0|0|1|0|0|0|0|0|1|0|0|0|0|0|0|0|1|0|0|0|1|1|0|0|1|0|0|1|0|1|0|0|0|1|0|0|0|0|1|0|3|3|1|0|1|0|0|0|1|1|0|1|0|1|1|3|0|1|0|0|0|2|1|0|1|0|3|3|3|0|1|1|19|1|0|0||0|0|0|1|0|||0|0|0|1|0|0|0|1|0|0|1|0|0|0|0|0|0|0|0|0|0|0|0|0|0|0|0|0|0|0|0|0
2017|35263084|MICROCAMP ESCOLA DE EDUCACAO PROFISSIONAL|20408|2|||3|3506|35026|35|3543907|354390705|4|1|||||||||||||||||||||||||||||||||||||||||||||||||||||||||||||||||||||||||||||||||||||||||||||||||||||||||||||||||||||||||||||||||||||||||||||||||||||||
2017|35435485|JANUARIO SYLVIO PEZZOTTI PROFESSOR|20408|1|01/02/2017|21/12/2017|3|3506|35026|35|3543907|354390705|2|1|||||||||||1|1|1|0|0|0|0|0|0|0||0|0|0|1|1|0|0|0|0|1|0|0|0|1|0|0|1|0|0|0|0|0|1|1|1|1|0|1|0|1|1|0|1|1|0|0|0|0|0|1|0|1|1|1|0|1|0|1|1|0|0|0|0|0|12|12|1|0|1|0|0|0|0|1|1|1|0|1|1|3|0|2|0|0|0|0|3|3|1|0|2|2|1|1|1|1|70|1|0|0|1|0|0|0|1|0|||0|0|0|1|0|0|0|1|1|0|0|0|0|1|1|0|0|0|0|0|0|0|0|0|0|1|0|0|0|0|0|0
2017|35114030|PURISSIMO CORACAO DE MARIA COLEGIO|20408|1|26/01/2017|22/12/2017|3|3506|35026|35|3543907|354390705|4|1|1|0||1|1|1|1|1|||1|1|1|0|0|0|0|0|0|0||0|0|0|1|1|0|0|0|0|1|0|0|0|1|0|0|1|0|0|1|0|0|1|1|1|1|0|1|0|1|1|1|1|1|1|0|0|0|1|1|0|1|0|0|0|0|1|1|1|0|0|0|1|0|46|46|1|1|1|0|1|1|1|1|1|1|1|1|1|11|6|9|0|5|2|11|4|10|20|2|7|80|40|40|1|1|164|0|0|0|1|0|0|0|1|0|||0|0|0|1|0|0|0|1|0|0|1|1|1|1|1|0|0|0|0|0|0|0|0|0|0|0|0|0|0|0|0|0
2017|35004193|COLEGIO DOM BOSCO RIO CLARO|20408|1|30/01/2017|15/12/2017|3|3506|35026|35|3543907|354390705|4|1|1|0||1|0|0|0|0|||1|1|2|0|0|0|0|0|0|0||0|0|0|1|1|0|0|0|0|1|0|0|0|1|0|0|1|0|0|0|0|0|1|1|0|0|0|1|0|1|1|1|0|1|1|0|1|1|1|1|0|1|0|1|1|0|1|0|1|0|0|0|0|0|14|14|1|0|1|0|0|0|0|1|1|1|0|1|1|1|0|1|0|0|0|0|2|4|1|0|1|3|3|0|1|1|33|0|0|0|1|0|0|0|1|0|||0|0|0|1|0|0|0|1|0|0|1|1|1|1|0|0|0|0|0|0|0|0|0|0|0|0|0|0|0|0|0|0
2017|35560686|APROVADO CURSO|20408|2|||3|3506|35026|35|3543907|354390705|4|1|||||||||||||||||||||||||||||||||||||||||||||||||||||||||||||||||||||||||||||||||||||||||||||||||||||||||||||||||||||||||||||||||||||||||||||||||||||||
2017|35204985|ISOLINA HUPPERT CASSAVIA ESCOLA MUNICIPAL|20408|1|06/02/2017|20/12/2017|3|3506|35026|35|3543907|354390705|3|1|||||||||||1|1|1|0|0|0|0|0|0|0||0|0|0|1|1|0|0|0|0|1|0|0|0|1|0|0|1|0|0|1|0|0|1|1|0|0|0|0|0|0|1|0|0|0|1|1|1|1|0|0|0|1|0|1|1|1|0|0|1|0|0|0|1|0|10|10|1|0|1|0|1|0|1|1|0|1|0|1|1|3|0|2|0|1|0|1|3|0|1|0|2|5|5|0|1|1|51|1|0|1||0|0|0|1|0|||0|0|0|1|0|0|0|1|0|0|1|1|0|0|0|0|0|0|0|0|0|0|0|0|0|0|0|0|0|0|0|0
2017|35307609|FAZENDO ARTE CENTRO DE EDUCACAO INFANTIL|20408|1|23/01/2017|11/12/2017|3|3506|35026|35|3543907|354390705|4|1|1|0||1|1|1|1|1|||1|1|1|0|0|0|0|0|0|0||0|0|0|1|1|0|0|0|0|1|0|0|0|1|0|0|1|0|0|1|0|0|1|0|0|0|0|0|0|0|1|1|0|1|1|1|0|1|1|0|0|1|1|1|1|0|0|1|1|0|0|1|1|0|6|6|1|0|1|0|0|0|0|1|1|1|0|1|1|2|0|1|0|0|0|0|2|10|1|0|1|4|2|2|1|1|35|0|0|0||0|0|0|1|0|||0|0|0|1|0|0|0|1|0|0|1|1|0|0|0|0|0|0|0|0|0|0|0|0|0|0|0|0|0|0|0|0
2017|35299662|CELESTE CALIL ESCOLA MUNICIPAL|20408|1|06/02/2017|20/12/2017|3|3506|35026|35|3543907|354390705|3|1|||||||||||1|1|1|0|0|0|0|0|0|0||0|0|0|1|1|0|0|0|0|1|0|0|0|1|0|0|1|0|0|1|0|0|1|1|1|0|1|0|1|1|1|0|0|0|0|0|0|0|0|1|0|1|1|1|0|1|0|1|1|0|0|0|0|0|13|13|1|0|1|0|1|1|1|1|1|1|0|1|1|4|0|3|0|1|1|2|4|6|1|0|3|23|5|18|1|1|55|1|1|1|1|0|0|0|1|0|||0|0|0|1|0|0|0|1|0|0|0|0|1|0|0|0|0|0|0|0|0|0|0|0|0|0|0|0|0|0|0|0
2017|35049967|DELCIO BACCARO PROFESSOR|20408|1|01/02/2017|21/12/2017|3|3506|35026|35|3543907|354390705|2|1|||||||||||1|1|1|0|0|0|0|0|0|0||0|0|0|1|1|0|0|0|0|1|0|0|0|1|0|0|1|0|0|0|0|0|1|1|1|0|0|0|1|1|1|0|1|1|0|0|0|0|0|0|0|1|0|0|1|0|0|1|0|0|0|1|0|0|9|9|1|0|0|0|0|1|0|1|1|1|0|1|1|1|0|0|0|0|1|0|3|1|1|0|1|15|6|8|1|1|50|1|0|0|1|0|0|0|1|0|||0|0|0|1|0|0|0|1|1|0|0|0|0|1|1|0|0|0|0|0|0|0|0|0|0|1|0|0|0|0|0|0
2017|35021611|JOAQUIM RIBEIRO|20408|1|01/02/2017|21/12/2017|3|3506|35026|35|3543907|354390705|2|1|||||||||||1|1|1|0|0|0|0|0|0|0||0|0|0|1|1|0|0|0|0|1|0|0|0|1|0|0|1|0|0|0|0|0|1|1|1|0|1|1|1|1|1|0|1|1|0|0|0|0|0|0|0|1|1|0|1|1|0|1|1|0|0|0|0|0|15|15|1|1|1|1|0|1|1|1|1|1|0|1|1|3|1|1|1|0|2|8|4|2|4|0|1|23|8|13|1|1|43|1|0|0|0|0|0|0|1|0|||0|0|0|1|0|0|0|1|1|0|0|0|0|0|1|0|0|0|0|0|0|0|0|0|0|1|0|0|0|0|0|0
2017|35459719|CEL JTO A EE JOAQUIM RIBEIRO|20408|1|01/02/2017|21/12/2017|3|3506|35026|35|3543907|354390705|2|1|||||||||||1|1|1|0|0|0|0|0|0|0||0|0|0|1|1|0|0|0|0|1|0|0|0|1|0|0|1|0|0|0|0|0|0|0|0|0|0|0|0|0|0|0|0|0|0|0|0|0|0|0|0|0|0|0|0|1|0|0|0|0|0|0|0|0|4|4|0|0|0|0|0|0|1|0|1|1|0|0|0|0|0|0|0|0|0|1|0|1|2|0|0|0|0|0|0|0|4|0|0|2||0|0|0|1|0|||0|1|0|1|0|0|0|0|0|0|0|0|0|0|0|0|0|0|0|0|0|0|0|0|0|0|0|0|0|0|0|0
2017|35114078|KOELLE COLEGIO|20408|1|13/01/2017|13/12/2017|3|3506|35026|35|3543907|354390705|4|1|1|0||1|1|1|1|1|||1|1|1|0|0|0|0|0|0|0||0|0|0|1|1|0|0|0|0|1|0|0|0|1|0|0|1|0|0|0|0|0|1|1|1|1|0|0|1|1|1|1|1|1|1|0|0|0|1|0|0|1|1|1|1|1|1|1|1|0|0|0|1|0|47|47|1|1|1|0|1|1|1|1|1|1|1|1|1|12|10|4|0|10|10|10|10|8|20|1|2|90|35|65|1|1|170|0|0|0|1|0|0|0|1|0|||0|0|0|1|0|0|0|1|0|0|1|1|1|1|1|0|0|0|0|0|0|0|0|0|0|0|0|0|0|0|0|0
2017|35083926|ANTONIO MARIA MARROTE ESCOLA MUNICIPAL|20408|1|06/02/2017|18/12/2017|3|3506|35026|35|3543907|354390705|3|1|||||||||||1|1|3|0|0|0|0|0|0|0||0|0|0|1|1|0|0|0|0|1|0|0|0|1|0|0|1|0|0|0|0|0|1|1|1|0|1|1|0|1|1|0|1|1|1|0|1|1|0|1|0|1|1|1|1|1|0|1|1|0|0|0|0|0|19|19|1|1|1|1|1|1|1|1|1|1|0|1|1|4|1|2|1|2|2|6|1|17|2|0|1|18|10|18|1|1|81|1|1|0|1|0|0|0|1|0|||0|1|0|1|0|0|0|1|0|0|1|1|1|0|0|0|0|0|0|0|0|0|0|0|0|0|0|0|0|0|0|0
2017|35083203|EPHRAIM RIBEIRO DOS SANTOS PROF ESCOLA MUNICIPAL|20408|1|06/02/2017|20/12/2017|3|3506|35026|35|3543907|354390705|3|1|||||||||||1|1|1|0|0|0|0|0|0|0||0|0|0|1|1|0|0|0|0|1|0|0|0|1|0|0|1|0|0|0|0|0|1|1|1|0|1|0|0|0|1|0|1|1|1|0|1|1|0|1|0|1|0|1|1|1|0|1|0|0|0|0|0|0|11|11|1|0|1|1|1|1|1|1|1|1|1|1|1|3|0|3|1|1|1|6|1|12|1|1|1|2|1|1|1|1|54|1|1|0|1|0|0|0|1|0|||0|0|0|1|0|0|0|1|0|0|0|0|1|0|0|0|0|0|0|0|0|0|0|0|0|0|0|0|0|0|0|0
2017|35083215|JOAO REHDER NETO ESCOLA MUNICIPAL|20408|1|06/02/2017|18/12/2017|3|3506|35026|35|3543907|354390705|3|1|||||||||||1|1|1|0|0|0|0|0|0|0||0|0|0|1|1|0|0|0|0|1|0|0|0|1|0|0|1|0|0|0|0|0|1|1|0|0|0|0|0|0|1|0|0|0|1|0|0|0|1|0|0|1|0|0|0|1|0|0|0|0|0|0|0|0|10|10|1|0|1|0|1|1|1|1|1|1|0|1|1|4|0|3|0|2|1|1|1|1|1|0|1|1|1|0|1|1|34|1|0|1||0|0|0|1|0|||0|0|0|1|0|0|0|1|0|0|1|1|0|0|0|0|0|0|0|0|0|0|0|0|0|0|0|0|0|0|0|0
2017|35236330|LUCIA APARECIDA BUSCHINELLI CARNEIRO EM|20408|1|06/02/2017|20/12/2017|3|3506|35026|35|3543907|354390705|3|1|||||||||||1|1|1|0|0|0|0|0|0|0||0|0|0|1|1|0|0|0|0|1|0|0|0|1|0|0|1|0|0|0|0|0|1|1|0|0|0|0|0|0|1|0|0|0|1|1|1|1|0|0|0|0|0|1|1|1|0|0|0|0|0|0|1|0|6|6|1|0|0|0|0|0|1|1|1|1|0|1|1|1|0|0|0|0|0|2|1|5|1|0|1|3|3|0|1|1|27|1|0|0||0|0|0|1|0|||0|0|0|1|0|0|0|1|0|0|1|0|0|0|0|0|0|0|0|0|0|0|0|0|0|0|0|0|0|0|0|0
2017|35061414|VICTORINO MACHADO PROF ESCOLA MUNICIPAL|20408|1|06/02/2017|20/12/2017|3|3506|35026|35|3543907|354390705|3|1|||||||||||1|1|1|0|0|0|0|0|0|0||0|0|0|1|1|0|0|0|0|1|0|0|0|1|0|0|1|0|0|1|0|0|1|1|1|0|1|1|1|1|1|0|1|1|1|0|1|1|0|1|0|1|1|1|1|1|0|1|0|0|0|0|1|0|16|16|1|0|1|0|1|1|1|1|1|1|0|1|1|2|0|2|0|2|1|4|3|10|1|0|1|12|6|12|1|1|72|1|1|1|1|0|0|0|1|0|||0|0|0|1|0|0|0|1|1|0|1|1|1|0|0|0|0|0|0|0|0|0|0|0|1|0|0|0|0|0|0|0
2017|35114042|ALEM COLEGIO|20408|1|01/02/2017|21/12/2017|3|3506|35026|35|3543907|354390705|4|1|1|0||1|0|0|0|1|||1|1|1|0|0|0|0|0|0|0||0|0|0|1|1|0|0|0|0|1|0|0|0|1|0|0|1|0|0|0|0|0|1|1|1|1|0|0|1|1|1|1|1|1|1|0|0|1|0|1|1|1|0|0|0|1|1|1|1|0|0|1|0|0|25|25|1|0|1|0|1|1|1|1|1|1|1|1|1|2|0|2|0|1|1|1|1|1|2|1|1|22|9|13|1|1|35|0|0|0|0|0|0|0|1|0|||0|0|0|1|0|0|0|1|0|1|0|0|1|1|0|1|0|0|0|0|0|0|0|0|0|0|0|0|0|0|1|0
2017|35045895|JOSE CARDOSO PROFESSOR|20408|1|01/02/2017|21/12/2017|3|3506|35026|35|3543907|354390705|2|1|||||||||||1|1|1|0|0|0|0|0|0|0||0|0|0|1|1|0|0|0|0|1|0|0|0|1|0|0|1|0|0|0|0|0|1|1|1|0|0|1|1|1|1|0|1|1|0|0|0|1|0|1|1|1|0|0|1|1|0|1|1|0|0|1|0|0|11|11|1|1|1|0|0|1|1|0|1|1|0|1|1|4|1|2|0|0|1|3|0|3|2|0|1|29|6|24|1|1|51|1|0|1|1|0|0|0|1|0|||0|0|0|1|0|0|0|1|1|0|0|0|0|1|1|0|0|0|0|0|0|0|0|0|0|1|0|0|0|0|0|0
2017|35021556|CAROLINA AUGUSTA SERAPHIM PROFESSORA|20408|1|01/02/2017|21/12/2017|3|3506|35026|35|3543907|354390705|2|1|||||||||||1|1|1|0|0|0|0|0|0|0||0|0|0|1|1|0|0|0|0|1|0|0|0|1|0|0|1|0|0|0|0|0|1|1|1|1|0|1|0|1|1|0|1|1|0|0|1|1|0|1|0|1|0|1|0|1|0|1|0|0|0|0|0|0|8|8|1|0|0|0|0|0|1|1|0|1|0|1|1|2|0|0|0|0|0|2|4|0|11|0|3|24|7|17|1|1|29|1|0|0|1|0|0|0|1|0|||0|0|0|1|0|0|0|1|0|0|0|0|0|1|0|0|0|0|0|0|0|0|0|0|0|0|0|0|0|0|0|0
2017|35905598|OSCALIA GOES CORREA SANTOS PROFESSORA|20408|1|01/02/2017|21/12/2017|3|3506|35026|35|3543907|354390705|2|1|||||||||||1|1|1|0|0|0|0|0|0|0||0|0|0|1|1|0|0|0|0|1|0|0|0|1|0|0|1|0|0|0|0|0|1|1|1|0|0|0|1|1|1|0|1|1|0|0|0|1|0|0|0|1|0|0|0|1|0|1|0|0|0|0|0|0|10|10|1|0|1|0|0|0|1|1|1|1|0|1|1|1|0|2|0|0|0|1|3|1|3|0|2|21|7|14|1|1|50|1|0|0|1|0|0|0|1|0|||0|1|0|1|0|0|0|1|0|0|0|0|0|1|1|0|0|0|0|0|0|0|0|0|0|0|0|0|0|0|0|0
2017|35196861|TRADE TREINAMENTO E EDUCACAO PROFISSIONAL|20408|2|||3|3506|35026|35|3543907|354390705|4|1|||||||||||||||||||||||||||||||||||||||||||||||||||||||||||||||||||||||||||||||||||||||||||||||||||||||||||||||||||||||||||||||||||||||||||||||||||||||
2017|35021660|MARCELLO SCHMIDT|20408|2|||3|3506|35026|35|3543907|354390705|2|1|||||||||||||||||||||||||||||||||||||||||||||||||||||||||||||||||||||||||||||||||||||||||||||||||||||||||||||||||||||||||||||||||||||||||||||||||||||||
2017|35236412|ARLINDO ANSANELLO ESCOLA MUNICIPAL|20408|1|06/02/2017|20/12/2017|3|3506|35026|35|3543907|354390705|3|1|||||||||||1|1|1|0|0|0|0|0|0|0||0|0|0|1|1|0|0|0|0|1|0|0|0|1|0|0|1|0|0|0|0|0|1|0|0|0|0|0|0|0|1|0|0|0|0|1|0|0|0|0|0|0|0|1|1|0|0|0|1|0|0|0|1|0|13|13|1|0|1|0|0|1|1|0|0|1|0|1|0|1|0|1|0|0|1|1|0|0|1|0|2|0|0|0|0|0|29|1|0|0||0|0|0|1|0|||0|0|0|1|0|0|0|1|0|0|1|0|0|0|0|0|0|0|0|0|0|0|0|0|0|0|0|0|0|0|0|0
2017|35267314|HAMILTON PRADO DEPUTADO FEDERAL ESCOLA MUNICIPAL|20408|1|06/02/2017|18/12/2017|3|3506|35026|35|3543907|354390705|3|1|||||||||||1|1|1|0|0|0|0|0|0|0||0|0|0|1|1|0|0|0|0|1|0|0|0|1|0|0|1|0|0|0|0|0|1|1|1|0|1|1|0|1|1|1|1|1|1|0|0|1|0|0|0|1|0|1|1|1|0|1|0|0|0|1|0|0|12|12|1|1|1|0|1|1|1|1|1|1|1|1|1|12|10|10|0|1|1|2|1|6|1|1|1|14|4|10|1|1|51|1|1|0|1|0|0|0|1|0|||0|0|0|1|0|0|0|1|0|0|0|0|1|0|0|0|0|0|0|0|0|0|0|0|0|0|0|0|0|0|0|0
2017|35811661|CORA CORALINA ESCOLA|20408|1|01/02/2017|15/12/2017|3|3506|35026|35|3543907|354390705|4|1|1|0||1|0|0|0|0|||1|1|1|0|0|0|0|0|0|0||0|0|0|1|1|0|0|0|0|1|0|0|0|1|0|0|1|0|0|0|0|0|1|0|1|0|0|0|1|1|1|0|1|1|1|1|0|0|1|0|0|0|1|1|0|1|0|1|1|0|0|0|1|0|5|5|1|0|1|0|0|0|0|1|0|1|0|1|1|2|0|1|0|0|0|0|2|0|4|0|2|12|5|4|1|1|38|1|0|0|1|0|0|0|1|0|||0|0|0|1|0|0|0|1|0|0|1|1|1|0|0|0|0|0|0|0|0|0|0|0|0|0|0|0|0|0|0|0
2017|35021696|MARCIANO DE TOLEDO PIZA PROFESSOR|20408|1|01/02/2017|21/12/2017|3|3506|35026|35|3543907|354390705|2|1|||||||||||1|1|1|0|0|0|0|0|0|0||0|0|0|1|1|0|0|0|0|1|0|0|0|1|0|0|1|0|0|0|0|0|1|1|1|1|0|1|1|1|1|0|1|1|0|0|0|1|0|1|0|1|0|1|1|1|0|0|1|0|0|0|0|0|13|13|1|0|1|0|1|1|1|1|1|1|1|1|1|6|0|3|0|1|1|2|5|1|3|1|1|19|5|14|1|1|31|1|0|0|0|0|0|0|1|0|||0|0|0|1|0|0|0|1|0|0|0|0|0|0|1|0|0|0|0|0|0|0|0|0|0|0|0|0|0|0|0|0
2017|35267302|DJILIAH CAMARGO DE SOUZA PROFA ESCOLA MUNICIPAL|20408|1|06/02/2017|18/12/2017|3|3506|35026|35|3543907|354390705|3|1|||||||||||1|1|1|0|0|0|0|0|0|0||0|0|0|1|1|0|0|0|0|1|0|0|0|1|0|0|1|0|0|1|0|0|1|1|1|0|1|0|1|1|1|0|1|1|0|0|0|0|0|0|0|1|0|1|1|1|0|1|1|0|0|0|1|0|10|10|1|1|1|0|1|1|1|1|1|1|1|1|1|2|2|3|0|1|1|8|3|2|1|1|2|25|6|19|1|1|51|1|1|0|1|0|0|0|1|0|||0|0|0|1|0|0|0|1|0|0|0|0|1|0|0|0|0|0|0|0|0|0|0|0|0|0|0|0|0|0|0|0
2017|35453675|CENTRO DE RESSOCIALIZACAO FEMININO DE RIO CLARO|20408|1|01/02/2017|28/06/2017|3|3506|35026|35|3543907|354390705|2|1|||||||||35021787||1|1|1|0|0|1|1|0|0|0||0|0|0|1|1|0|0|0|0|1|0|0|0|1|0|0|1|0|0|0|0|0|0|0|0|0|0|0|0|0|0|0|0|0|0|0|0|0|0|0|0|0|1|0|0|0|0|0|0|0|0|0|0|0|3|3|1|1|1|0|0|0|0|0|0|1|1|0|0|1|1|1|0|0|0|0|0|0|1|1|0|0|0|0|0|0|5|1|0|0||0|0|0|1|0|||0|0|0|1|0|0|0|0|1|0|0|0|0|0|0|0|0|0|0|0|0|0|0|0|1|1|0|0|0|0|0|0
2017|35074871|JARDIM DAS PALMEIRAS ESCOLA MUNICIPAL CAIC|20408|1|06/02/2017|20/12/2017|3|3506|35026|35|3543907|354390705|3|1|||||||||||1|1|3|0|0|0|0|1|0|0||0|0|0|1|1|0|0|0|0|1|0|0|0|1|0|0|1|0|0|1|0|0|1|1|1|0|1|1|0|1|1|0|1|1|1|0|1|1|0|1|0|1|1|1|1|1|0|0|0|0|0|1|1|0|20|20|1|0|1|0|1|0|1|1|1|1|0|1|1|5|0|3|0|3|0|5|1|4|3|0|4|20|4|16|1|1|101|1|1|1|1|0|0|0|1|0|||0|0|0|1|0|0|0|1|1|0|0|0|1|0|0|0|0|0|0|0|0|0|0|0|1|0|0|0|0|0|0|0
2017|35121903|FRANCESCO PAOLI ESCOLA MUNICIPAL|20408|1|06/02/2017|20/12/2017|3|3506|35026|35|3543907|354390705|3|1|||||||||||1|1|1|0|0|0|0|0|0|0||0|0|0|1|1|0|0|0|0|1|0|0|0|1|0|0|1|0|0|0|0|0|1|1|0|0|1|0|0|0|1|0|0|0|1|1|0|1|1|1|0|1|1|1|1|1|0|0|0|0|0|1|1|0|6|6|1|0|1|0|0|0|1|0|1|1|0|0|0|1|0|1|0|0|0|2|0|6|1|0|0|0|0|0|0|0|33|1|1|0|0|0|0|0|1|0|||0|0|0|1|0|0|0|1|0|0|1|0|0|0|0|0|0|0|0|0|0|0|0|0|0|0|0|0|0|0|0|0
2017|35296363|CENTRO ATEND SOCIOEDUC AO ADOLESCENTE DE RIO CLARO-UIP|20408|2|||3|3506|35026|35|3543907|354390705|2|2|||||||||||||||||||||||||||||||||||||||||||||||||||||||||||||||||||||||||||||||||||||||||||||||||||||||||||||||||||||||||||||||||||||||||||||||||||||||
2017|35302235|PEQUENO PRINCIPE ESCOLA|20408|1|31/01/2017|15/12/2017|3|3506|35026|35|3543907|354390705|4|1|1|0||1|1|1|1|1|||1|1|1|0|0|0|0|0|0|0||0|0|0|1|1|0|0|0|0|1|0|0|0|1|0|0|0|0|0|1|0|0|0|1|1|0|0|0|1|1|1|0|1|1|1|0|0|0|1|0|0|1|0|1|1|1|0|1|1|0|0|0|1|0|6|6|1|1|1|0|1|1|1|1|1|1|1|1|1|3|2|2|0|4|2|4|2|8|2|1|2|12|2|10|1|1|22|1|0|0|1|0|0|0|1|0|||0|0|0|1|0|0|0|1|0|0|1|1|1|0|0|0|0|0|0|0|0|0|0|0|0|0|0|0|0|0|0|0
2017|35411206|BRINQUEDOTECA ESCOLA DE ED INFANTIL E ENS FUNDAMENTAL UND I|20408|1|30/01/2017|20/12/2017|3|3506|35026|35|3543907|354390705|4|1|1|0||1|0|0|0|0|||1|1|1|0|0|0|0|0|0|0||0|0|0|1|1|0|0|0|0|1|0|0|0|1|0|0|1|0|0|1|0|0|1|0|0|0|0|0|0|0|1|0|1|1|1|1|0|0|1|0|0|1|1|1|1|0|0|1|1|0|0|0|0|0|8|8|1|0|1|1|1|1|1|1|1|1|0|1|1|5|0|5|1|1|1|1|1|3|1|0|2|1|1|0|1|1|19|1|0|0||0|0|0|1|0|||0|0|0|1|0|0|0|1|0|0|1|0|0|0|0|0|0|0|0|0|0|0|0|0|0|0|0|0|0|0|0|0
2017|35285959|JOAO BATISTA MAULE ESCOLA MUNICIPAL|20408|1|06/02/2017|18/12/2017|3|3506|35026|35|3543907|354390715|3|1|||||||||||1|1|1|0|0|0|0|0|0|0||0|0|0|1|1|0|0|0|0|1|0|0|0|1|0|0|1|0|0|1|0|0|1|1|0|0|0|0|0|0|1|0|1|1|1|0|1|1|0|0|0|1|1|1|1|1|0|1|0|0|0|0|1|0|5|5|1|0|1|0|1|0|1|1|1|1|0|1|0|5|0|5|0|1|0|3|2|10|1|0|1|0|0|0|0|0|32|1|0|1|1|0|0|0|1|0|||0|0|0|1|0|0|0|1|0|0|1|1|1|0|0|0|0|0|0|0|0|0|0|0|0|0|0|0|0|0|0|0
2017|35061426|PAULO KOELLE DR ESCOLA MUNICIPAL|20408|1|06/02/2017|20/12/2017|3|3506|35026|35|3543907|354390705|3|1|||||||||||1|1|1|0|0|0|0|0|0|0||0|0|0|1|1|0|0|0|0|1|0|0|0|1|0|0|1|0|0|0|0|0|1|1|0|0|1|0|1|1|1|0|0|0|1|0|0|0|0|0|0|1|0|1|1|1|0|0|0|0|0|1|0|0|12|12|1|0|1|0|1|0|1|1|1|1|0|1|1|12|0|12|0|2|0|5|4|9|2|0|1|11|11|0|1|1|55|1|1|1||0|0|0|1|0|||0|0|0|1|0|0|0|1|0|0|1|1|0|0|0|0|0|0|0|0|0|0|0|0|0|0|0|0|0|0|0|0
2017|35267351|DENNIZARD FRANCA MACHADO PROFESSOR ESCOLA MUNICIPAL|20408|1|06/02/2017|18/12/2017|3|3506|35026|35|3543907|354390705|3|1|||||||||||1|1|1|0|0|0|0|0|0|0||0|0|0|1|1|0|0|0|0|1|0|0|0|1|0|0|1|0|0|0|0|0|1|1|1|0|1|0|0|0|1|0|0|0|1|0|0|0|0|0|0|1|0|0|1|1|0|1|0|0|0|0|0|0|5|5|1|0|1|0|1|0|1|1|1|1|0|1|1|1|0|1|0|1|0|3|2|4|1|0|1|4|0|4|1|0|32|1|1|0|1|0|0|0|1|0|||0|0|0|1|0|0|0|1|0|0|1|1|1|0|0|0|0|0|0|0|0|0|0|0|0|0|0|0|0|0|0|0
2017|35905586|ROBERTO GARCIA LOSZ PROFESSOR|20408|1|01/02/2017|21/12/2017|3|3506|35026|35|3543907|354390705|2|1|||||||||||1|1|1|0|0|0|0|0|0|0||0|0|0|1|1|0|0|0|0|1|0|0|0|1|0|0|1|0|0|0|0|0|1|1|1|0|0|0|1|1|1|0|1|1|0|0|0|0|0|1|1|1|0|1|1|0|0|1|1|0|0|0|0|0|11|11|1|0|1|0|1|0|1|0|1|1|1|1|1|2|0|1|0|1|0|1|0|3|1|1|1|2|1|1|1|0|51|1|0|0|1|0|0|0|1|0|||0|0|1|1|0|0|0|1|1|0|0|0|0|1|1|0|0|0|0|0|0|0|0|0|0|1|0|0|0|0|0|0
2017|35462913|DARCI REGINATTO EM|20408|1|06/02/2017|20/12/2017|3|3506|35026|35|3543907|354390705|3|1|||||||||||1|1|2|0|0|0|0|0|0|0||0|0|0|1|1|0|0|0|0|1|0|0|0|1|0|0|1|0|0|0|0|0|1|1|0|0|1|0|0|0|1|0|1|1|0|0|0|1|0|1|0|1|0|1|1|1|1|1|1|0|0|0|1|0|14|14|1|0|1|0|1|0|1|1|1|1|0|1|1|1|0|1|0|1|0|1|2|1|1|0|1|5|3|2|1|1|58|1|1|1|1|0|0|0|1|0|||0|0|0|1|0|0|0|1|0|0|0|0|1|0|0|0|0|0|0|0|0|0|0|0|0|0|0|0|0|0|0|0
2017|35285985|SAMIRA ASSENCIO SAVOLDI PROFESSORA ESCOLA MUNICIPAL|20408|1|06/02/2017|18/12/2017|3|3506|35026|35|3543907|354390705|3|1|||||||||||1|1|1|0|0|0|0|0|0|0||0|0|0|1|1|0|0|0|0|1|0|0|0|1|0|0|1|0|0|0|0|0|1|1|0|0|0|0|0|0|1|0|0|0|1|0|0|0|0|1|0|1|0|1|0|1|0|0|0|0|0|0|1|0|4|4|1|0|1|0|1|0|1|1|0|1|0|1|0|2|0|1|0|1|0|3|2|0|1|0|1|0|0|0|0|0|24|1|0|1||0|0|0|1|0|||0|0|0|1|0|0|0|1|0|0|1|1|0|0|0|0|0|0|0|0|0|0|0|0|0|0|0|0|0|0|0|0
2017|35236391|MARIA TEIXEIRA FITTIPALDI PROFA ESCOLA MUNICIPAL|20408|1|06/02/2017|20/12/2017|3|3506|35026|35|3543907|354390705|3|1|||||||||||1|1|1|0|0|0|0|0|0|0||0|0|0|1|1|0|0|0|0|1|0|0|0|1|0|0|1|0|0|0|0|0|1|0|0|0|1|0|0|0|1|0|0|0|1|1|0|0|0|0|0|1|0|1|1|1|0|0|1|0|0|0|1|0|9|9|1|0|1|0|0|0|1|1|1|1|0|1|1|3|0|2|0|0|0|3|1|8|1|0|2|2|1|1|1|0|40|1|1|0||0|0|0|1|0|||0|0|0|1|0|0|0|1|0|0|1|0|0|0|0|0|0|0|0|0|0|0|0|0|0|0|0|0|0|0|0|0
2017|35260605|RENASCER COLEGIO TECNICO|20408|1|09/01/2017|14/12/2017|3|3506|35026|35|3543907|354390705|4|1|1|0||1|1|1|1|1|||1|1|1|0|0|0|0|0|0|0||0|0|0|1|1|0|0|0|0|1|0|0|0|1|0|0|1|0|0|1|0|0|1|1|1|0|0|0|0|0|0|1|0|1|0|0|0|0|0|1|0|1|0|0|0|1|0|1|0|0|0|0|0|0|8|8|1|0|1|0|1|1|1|1|1|1|0|1|0|8|0|1|0|2|2|2|2|1|4|0|1|0|0|0|0|0|23|0|0|0||0|0|0|1|0|||0|0|0|1|0|0|0|0|0|1|0|0|0|0|0|0|0|0|0|0|0|0|0|0|0|0|0|0|0|0|1|0
2017|35021726|MICHEL ANTONIO ALEM PROFESSOR|20408|1|01/02/2017|22/12/2017|3|3506|35026|35|3543907|354390705|2|1|||||||||||1|1|1|0|0|0|0|0|0|0||0|0|0|1|1|0|0|0|0|1|0|0|0|1|0|0|1|0|0|0|0|0|1|1|1|0|0|1|1|1|1|0|1|1|0|0|0|1|0|0|1|1|0|1|1|1|0|1|1|0|0|1|0|0|12|12|1|0|1|0|0|1|1|1|1|1|0|1|1|6|0|1|0|0|1|4|3|5|6|0|1|23|5|18|1|1|63|1|0|1|1|0|0|0|1|0|||0|1|0|1|0|0|0|1|0|0|0|0|0|1|1|0|0|0|0|0|0|0|0|0|0|0|0|0|0|0|0|0
2017|35098966|RUBENS FOOT GUIMARAES ESCOLA MUNICIPAL|20408|1|06/02/2017|20/12/2017|3|3506|35026|35|3543907|354390710|3|2|||||||||||1|1|1|0|0|0|0|0|0|0||0|0|0|1|1|0|0|0|0|1|0|0|0|0|1|0|1|0|0|1|0|0|1|1|0|0|1|1|1|1|1|1|0|1|1|0|0|1|0|0|0|1|0|1|1|1|0|1|0|0|0|1|0|0|15|15|1|0|1|0|0|0|1|1|1|1|0|1|0|2|0|3|0|0|0|4|3|1|2|0|1|0|0|0|0|0|70|1|1|0|1|0|0|0|1|0|||0|0|0|1|0|0|0|1|0|0|0|0|1|1|0|0|0|0|0|0|0|0|0|0|0|0|0|0|0|0|0|0
2017|35083914|LYGIA CARMO POLASTRI VENDRAMEL PROFA ESCOLA MUNICIPAL|20408|1|06/02/2017|18/12/2017|3|3506|35026|35|3543907|354390705|3|1|||||||||||1|1|1|0|0|0|0|0|0|0||0|0|0|1|1|0|0|0|0|1|0|0|0|1|0|0|1|0|0|0|0|0|1|1|0|0|0|0|0|0|1|0|1|1|1|0|1|1|0|0|0|1|0|1|0|1|0|0|0|0|0|0|1|0|11|11|1|0|1|0|0|1|1|1|1|1|0|1|0|1|0|2|0|0|1|5|3|1|1|0|1|0|0|0|0|0|47|1|0|1||0|0|0|1|0|||0|0|0|1|0|0|0|1|0|0|1|1|0|0|0|0|0|0|0|0|0|0|0|0|0|0|0|0|0|0|0|0
2017|35411255|BRINQUEDOTECA ESCOLA ED INFANTIL E ENSINO FUNDAMENTAL UND II|20408|1|30/01/2017|20/12/2017|3|3506|35026|35|3543907|354390705|4|1|1|0||1|0|0|0|0|||1|1|1|0|0|0|0|0|0|0||0|0|0|1|1|0|0|0|0|1|0|0|0|1|0|0|1|0|0|1|0|0|1|0|0|0|0|0|1|1|1|1|0|1|1|0|0|0|0|0|0|1|1|0|1|0|0|1|1|0|0|0|1|0|9|9|1|0|1|1|1|1|1|1|1|1|0|1|1|3|0|3|1|1|1|1|1|3|1|0|2|3|3|0|1|1|20|0|0|0|1|0|0|0|1|0|||0|0|0|1|0|0|0|1|0|0|0|1|1|0|0|0|0|0|0|0|0|0|0|0|0|0|0|0|0|0|0|0
2017|35366936|CASTELO DE SONHOS ESCOLA EDUCACAO E DESENVOLVIMENTO INFANTIL|20408|3|||3|3506|35026|35|3543907|354390705|4|1|||||||||||||||||||||||||||||||||||||||||||||||||||||||||||||||||||||||||||||||||||||||||||||||||||||||||||||||||||||||||||||||||||||||||||||||||||||||
2017|35267348|SYLVIO DE ARAUJO PROF ESCOLA MUNICIPAL|20408|1|06/02/2017|20/12/2017|3|3506|35026|35|3543907|354390705|3|1|||||||||||1|1|1|0|0|0|0|0|0|0||0|0|0|1|1|0|0|0|0|1|0|0|0|1|0|0|1|0|0|1|0|0|1|1|1|0|1|0|1|1|1|0|1|1|1|0|1|1|0|1|0|1|0|1|1|1|0|1|0|0|0|0|0|0|11|11|1|1|1|0|1|1|1|1|1|1|0|1|1|4|1|2|0|1|1|5|1|5|2|0|2|25|10|15|1|1|96|1|1|1|1|0|0|0|1|0|||0|0|0|1|0|0|0|1|1|0|0|0|1|0|0|0|0|0|0|0|0|0|0|0|1|0|0|0|0|0|0|0
2017|35286722|HELIO JORGE DOS SANTOS ESCOLA MUNICIPAL|20408|1|06/01/2017|20/12/2017|3|3506|35026|35|3543907|354390705|3|1|||||||||||1|1|1|0|0|0|0|0|0|0||1|0|0|1|1|0|0|0|0|1|0|0|0|1|0|0|1|0|0|0|0|0|1|1|0|0|1|0|0|0|1|0|0|0|0|0|0|0|0|1|0|1|1|1|1|1|0|1|0|0|0|0|1|0|29|29|1|0|1|0|1|0|1|1|0|1|1|1|1|12|0|10|0|1|0|5|3|0|1|1|1|9|5|4|1|1|64|1|1|0||0|0|0|1|0|||0|0|0|1|0|0|0|1|0|0|1|1|0|0|0|0|0|0|0|0|0|0|0|0|0|0|0|0|0|0|0|0
2017|35562497|FACULDADE ANHANGUERA DE RIO CLARO|20408|3|||3|3506|35026|35|3543907|354390705|4|1|||||||||||||||||||||||||||||||||||||||||||||||||||||||||||||||||||||||||||||||||||||||||||||||||||||||||||||||||||||||||||||||||||||||||||||||||||||||
2017|35302200|ANA S PARK RECANTO INFANTIL|20408|1|30/01/2017|15/12/2017|3|3506|35026|35|3543907|354390705|4|1|1|0||1|1|1|1|1|||1|1|1|0|0|0|0|0|0|0||0|0|0|1|1|0|0|0|0|1|0|0|0|1|0|0|1|0|0|0|0|0|1|0|0|0|0|0|1|1|0|1|0|1|1|1|0|0|1|0|0|1|0|1|0|0|0|0|0|0|0|0|1|0|5|5|1|0|1|0|1|0|1|0|1|0|0|1|0|2|0|2|0|1|0|1|0|2|0|0|1|0|0|0|0|0|15|1|0|0||0|0|0|1|0|||0|0|0|1|0|0|0|1|0|0|1|1|0|0|0|0|0|0|0|0|0|0|0|0|0|0|0|0|0|0|0|0
2017|35063502|JOVELINA MORATELI ESCOLA MUNICIPAL|20408|1|06/02/2017|18/12/2017|3|3506|35026|35|3543907|354390705|3|1|||||||||||1|1|1|0|0|0|0|0|0|0||0|0|0|1|1|0|0|0|0|1|0|0|0|1|0|0|1|0|0|0|0|0|1|1|1|0|1|0|0|0|1|0|0|0|0|0|1|1|0|0|0|1|1|1|1|1|0|1|0|0|0|0|1|0|9|9|1|0|1|1|1|0|1|1|1|1|1|1|1|2|0|1|1|1|0|7|2|7|1|1|2|28|7|21|1|1|41|1|1|0|1|0|0|0|1|0|||0|0|0|1|0|0|0|1|0|0|0|0|1|0|0|0|0|0|0|0|0|0|0|0|0|0|0|0|0|0|0|0
2017|35267326|MARCELLO SCHMIDT ESCOLA MUNICIPAL|20408|1|06/02/2017|18/12/2017|3|3506|35026|35|3543907|354390705|3|1|||||||||||1|1|1|0|0|0|0|0|0|0||0|0|0|1|1|0|0|0|0|1|0|0|0|1|0|0|1|0|0|0|0|0|1|1|1|0|1|1|0|1|1|0|1|1|1|0|1|1|0|1|0|1|0|1|1|1|0|1|1|0|0|0|1|0|15|15|1|1|1|1|1|1|1|1|1|1|0|1|1|3|1|2|1|1|1|7|4|3|2|0|2|25|9|16|1|1|70|1|1|0|1|0|0|0|1|0|||0|0|0|1|0|0|1|1|1|0|0|0|1|0|0|0|0|0|0|1|0|0|0|0|1|0|0|0|0|0|0|0
2017|35456184|RIO CLARO COLEGIO POLITECNICO|20408|1|30/01/2017|22/12/2017|3|3506|35026|35|3543907|354390705|4|1|1|0||1|1|1|1|1|||1|1|1|0|0|0|0|0|0|0||0|0|0|1|1|0|0|0|0|1|0|0|0|1|0|0|1|0|0|1|0|0|1|1|1|0|0|0|0|0|1|1|0|1|0|0|0|0|0|1|0|1|0|0|0|1|0|1|1|0|0|0|0|0|5|5|0|0|0|1|1|0|1|1|1|1|1|1|1|0|0|0|1|2|0|2|2|2|5|1|2|21|3|12|1|1|13|0|0|0||0|0|0|1|0|||0|0|0|1|0|0|0|0|0|1|0|0|0|0|0|0|0|0|0|0|0|0|0|0|0|0|0|0|0|0|1|0
2017|35263072|EDUQ COMPLEXO EDUCACIONAL|20408|1|23/01/2017|20/12/2017|3|3506|35026|35|3543907|354390705|4|1|1|0||1|0|0|0|0|||1|1|2|0|0|0|0|0|0|0||0|0|0|1|1|0|0|0|0|1|0|0|0|1|0|0|1|0|0|1|0|0|1|1|1|0|0|1|1|1|0|0|1|1|0|0|1|1|1|1|0|1|0|0|1|1|0|1|0|0|0|1|0|0|19|19|1|0|1|0|1|0|1|1|1|1|0|1|1|1|0|1|0|4|0|5|2|3|5|0|1|65|12|53|1|1|49|0|0|0|1|0|0|0|1|0|||0|0|0|1|0|0|0|1|0|1|0|0|1|1|0|1|1|0|0|0|0|0|0|0|0|0|0|0|0|0|1|0
2017|35911148|OSCAR DE ALMEIDA PROFESSOR|20408|1|01/02/2017|21/12/2017|3|3506|35026|35|3543907|354390705|2|1|||||||||||1|1|1|0|0|0|0|0|0|0||0|1|0|1|1|0|0|0|0|1|0|0|0|1|0|0|1|0|0|1|0|1|1|1|1|0|0|0|0|0|1|0|0|0|0|0|0|0|0|0|0|1|0|1|0|1|0|1|1|0|0|0|0|0|5|5|1|1|1|0|0|1|0|0|1|1|1|1|0|4|1|3|0|0|1|0|0|2|1|1|1|0|0|0|0|0|19|1|0|1|1|0|0|0|1|0|||0|1|0|1|0|0|0|1|0|0|0|0|0|1|1|0|0|0|0|0|0|0|0|0|0|0|0|0|0|0|0|0
2017|35204997|MITIKO MATSUSHITA NEVOEIRO ESCOLA MUNICIPAL|20408|1|06/02/2017|20/12/2017|3|3506|35026|35|3543907|354390705|3|1|||||||||||1|1|1|0|0|0|0|0|0|0||0|0|0|1|1|0|0|0|0|1|0|0|0|1|0|0|1|0|0|0|0|0|1|1|0|0|0|0|0|0|1|0|0|0|1|0|0|0|0|0|0|1|1|1|0|1|0|1|1|0|0|0|1|0|10|10|1|0|1|0|1|0|1|1|1|1|0|1|1|2|0|2|0|1|0|1|2|1|1|0|1|1|1|0|1|0|51|1|1|1||0|0|0|1|0|||0|0|0|1|0|0|0|1|0|0|1|1|0|0|0|0|0|0|0|0|0|0|0|0|0|0|0|0|0|0|0|0
2017|35021623|JOSE FERNANDES PROFESSOR|20408|1|01/02/2017|21/12/2017|3|3506|35026|35|3543907|354390710|2|1|||||||||||1|1|1|0|0|0|0|0|0|0||0|0|0|1|1|0|0|0|0|1|0|0|0|1|0|0|1|0|0|0|0|0|0|1|1|0|0|1|0|1|1|0|0|0|0|0|0|1|0|0|0|1|0|0|1|0|0|1|1|0|0|0|0|0|8|8|1|0|1|1|0|1|1|1|1|1|1|1|1|2|0|2|1|0|2|1|4|2|2|1|2|21|5|16|1|1|45|1|0|0|1|0|0|0|1|0|||0|1|0|1|0|0|0|1|0|0|0|0|1|1|1|0|0|0|0|0|0|0|0|0|0|0|0|0|0|0|0|0
2017|35236354|SANTO ANTONIO ESCOLA MUNICIPAL|20408|1|06/02/2017|18/12/2017|3|3506|35026|35|3543907|354390705|3|1|||||||||||1|1|1|0|0|0|0|0|0|0||0|1|0|1|1|0|0|0|0|1|0|0|0|1|0|0|1|0|0|0|0|0|1|0|0|0|0|0|0|0|1|0|0|0|1|1|0|0|0|0|0|0|0|1|1|1|0|1|1|0|0|0|1|0|6|6|1|0|1|0|1|0|1|1|0|1|0|1|0|1|0|2|0|1|0|1|1|0|1|0|1|0|0|0|0|0|32|1|0|0||0|0|0|1|0|||0|0|0|1|0|0|0|1|0|0|1|0|0|0|0|0|0|0|0|0|0|0|0|0|0|0|0|0|0|0|0|0
2017|35093524|CLARA FREIRE CASTELLANO ESCOLA MUNICIPAL|20408|1|06/02/2017|18/12/2017|3|3506|35026|35|3543907|354390705|3|1|||||||||||1|1|1|0|0|0|0|0|0|0||0|0|0|1|1|0|0|0|0|1|0|0|0|1|0|0|1|0|0|0|0|0|1|1|0|0|1|0|0|0|1|0|0|0|1|0|0|0|0|0|0|1|0|1|1|0|0|0|0|0|0|0|0|0|25|25|1|0|1|1|1|1|1|1|1|1|1|1|0|1|0|1|1|1|1|3|2|1|1|1|2|0|0|0|0|0|56|1|1|1||0|0|0|1|0|||0|0|0|1|0|0|0|1|0|0|1|1|0|0|0|0|0|0|0|0|0|0|0|0|0|0|0|0|0|0|0|0
2017|35086356|ELPIDIO MINA PROF ESCOLA MUNICIPAL|20408|1|06/02/2017|20/12/2017|3|3506|35026|35|3543907|354390705|3|1|||||||||||1|1|3|0|0|0|0|0|0|0||0|0|0|1|1|0|0|0|0|1|0|0|0|1|0|0|1|0|0|0|0|0|1|1|1|0|1|1|0|1|1|1|1|1|1|0|1|1|0|0|0|1|0|1|1|0|0|1|0|0|0|0|1|0|34|34|1|0|1|0|1|1|1|1|1|1|1|1|1|9|0|6|0|1|1|2|1|32|1|1|2|15|6|9|1|1|77|1|1|0|1|0|0|0|1|0|||0|0|0|1|0|0|0|1|0|0|1|1|1|0|0|0|0|0|0|0|0|0|0|0|0|0|0|0|0|0|0|0
2017|35366924|CATAVENTO ESCOLA DE EDUCACAO INFANTIL|20408|1|23/01/2017|22/12/2017|3|3506|35026|35|3543907|354390705|4|1|1|0||1|0|0|0|0|||1|1|1|0|0|0|0|0|0|0||0|1|0|1|1|0|0|0|0|1|0|0|0|1|0|0|1|0|0|0|0|0|0|0|0|0|0|0|0|0|1|1|0|1|1|1|0|0|1|0|0|1|1|1|0|0|0|0|1|0|0|0|0|0|3|3|1|1|1|0|1|0|1|1|1|0|0|0|0|2|1|2|0|1|0|1|1|1|0|0|0|0|0|0|0|0|5|1|0|0||0|0|0|1|0|||0|0|0|1|0|0|0|1|0|0|1|1|0|0|0|0|0|0|0|0|0|0|0|0|0|0|0|0|0|0|0|0
2017|35191437|SERGIO HERNANI FITTIPALDI ESCOLA MUNICIPAL|20408|1|06/02/2017|20/12/2017|3|3506|35026|35|3543907|354390705|3|1|||||||||||1|1|1|0|0|0|0|0|0|0||0|0|0|1|1|0|0|0|0|1|0|0|0|1|0|0|1|0|0|1|0|0|1|1|1|0|1|1|0|1|1|1|1|1|1|0|0|0|0|1|0|1|0|1|1|1|0|1|0|0|0|0|1|0|12|12|1|0|1|0|1|1|1|1|1|1|0|1|1|2|0|3|0|1|1|4|1|8|1|0|1|2|1|1|1|1|66|1|1|1|1|0|0|0|1|0|||0|0|0|1|0|0|0|1|1|0|0|0|1|0|0|0|0|0|0|0|0|0|0|0|1|0|0|0|0|0|0|0
2017|35429144|NOVO ALVORECER CENTRO EDUCACIONAL|20408|1|30/01/2017|15/12/2017|3|3506|35026|35|3543907|354390705|4|1|1|0||1|1|1|1|1|||1|1|1|0|0|0|0|0|0|0||0|0|0|1|1|0|0|0|0|1|0|0|0|1|0|0|1|0|0|0|0|0|0|1|1|0|0|0|1|1|0|1|0|1|0|0|0|0|0|1|0|1|0|0|1|0|0|1|0|0|0|0|0|0|6|6|1|0|1|0|1|0|1|1|1|0|0|1|0|1|0|1|0|1|0|1|1|2|0|0|1|0|0|0|0|0|18|1|0|0|1|0|0|0|1|0|||0|0|0|1|0|0|0|1|0|0|0|0|1|0|0|0|0|0|0|0|0|0|0|0|0|0|0|0|0|0|0|0
2017|35267363|BENEDICTO JOSE ZAINE PROFESSOR ESCOLA MUNICIPAL|20408|1|06/02/2017|20/12/2017|3|3506|35026|35|3543907|354390710|3|2|||||||||||1|1|1|0|0|0|0|0|0|0||0|0|0|1|1|0|0|0|0|1|0|0|0|1|0|0|1|0|0|0|0|0|1|1|0|0|0|0|0|0|1|0|0|0|1|0|0|0|0|1|0|1|1|1|1|1|0|0|0|0|0|0|1|0|4|3|1|0|1|0|0|1|1|1|1|1|1|1|1|2|0|1|0|0|1|3|1|4|1|1|1|12|2|10|1|1|14|1|0|0|1|0|0|0|1|0|||0|0|0|1|0|0|0|1|0|0|1|1|1|0|0|0|0|0|0|0|0|0|0|0|0|0|0|0|0|0|0|0
2017|35147597|MANOEL JOSE FERREIRA ESCOLA SENAI|16000|1|23/01/2017|20/12/2017|3|3506|35026|35|3543907|354390705|4|1|1|0||0|0|0|1|0|||1|1|1|0|0|0|0|0|0|0||0|0|0|1|1|0|0|0|0|1|0|0|0|1|0|0|1|0|0|0|0|0|1|1|1|1|0|0|1|1|1|1|0|1|0|0|0|1|0|1|0|1|1|1|1|1|1|0|1|0|0|0|0|0|21|21|1|1|1|0|1|1|1|1|1|1|1|1|1|15|9|3|0|1|3|38|1|3|24|1|2|142|58|84|1|1|70|0|0|0||0|0|0|1|0|||0|0|0|1|0|0|0|0|0|1|0|0|0|0|0|0|0|0|0|0|0|0|0|0|0|0|0|0|0|0|1|0
2017|35021573|JOAQUIM SALLES CORONEL|20408|1|01/02/2017|21/12/2017|3|3506|35026|35|3543907|354390705|2|1|||||||||||1|1|1|0|0|0|0|0|0|0||0|0|0|1|1|0|0|0|0|1|0|0|0|1|0|0|1|0|0|0|0|0|1|1|1|0|0|0|1|1|1|0|1|1|0|0|0|0|0|0|0|1|0|1|0|0|0|1|1|0|0|0|0|0|12|12|1|0|1|1|0|1|1|1|1|1|0|1|1|6|0|2|1|0|2|6|3|2|2|0|2|21|6|14|1|1|57|1|0|0|1|0|0|0|1|0|||0|0|0|1|0|0|0|1|0|0|0|0|0|1|0|0|0|0|0|0|0|0|0|0|0|0|0|0|0|0|0|0
2017|35236378|MONTEIRO LOBATO ESCOLA MUNICIPAL|20408|1|06/02/2017|18/12/2017|3|3506|35026|35|3543907|354390705|3|1|||||||||||1|1|1|0|0|0|0|0|0|0||0|0|0|1|1|0|0|0|0|1|0|0|0|1|0|0|1|0|0|1|0|0|1|1|0|0|0|0|0|0|1|0|0|0|1|1|0|0|0|0|0|1|1|1|1|0|0|0|0|0|0|0|1|0|9|9|1|0|1|0|0|0|1|0|1|1|1|1|0|1|0|1|0|0|0|2|0|15|1|1|2|0|0|0|0|0|44|1|0|0||0|0|0|1|0|||0|0|0|1|0|0|0|1|0|0|1|0|0|0|0|0|0|0|0|0|0|0|0|0|0|0|0|0|0|0|0|0
2017|35126251|ADVENTISTA DE RIO CLARO COLEGIO|20408|1|12/01/2017|14/12/2017|3|3506|35026|35|3543907|354390705|4|1|4|0||1|1|1|1|1|||1|1|1|0|0|0|0|0|0|0||0|0|0|1|1|0|0|0|0|1|0|0|0|1|0|0|1|0|0|0|0|0|1|1|1|0|0|1|0|1|1|1|0|1|1|0|0|0|1|0|0|1|0|0|0|0|1|1|1|0|0|0|0|0|12|12|1|0|1|1|1|1|1|1|1|1|0|1|0|4|0|3|1|3|1|4|1|1|1|0|1|0|0|0|0|0|32|0|0|0|1|0|0|0|1|0|||0|0|0|1|0|0|0|1|0|0|1|1|1|1|0|0|0|0|0|0|0|0|0|0|0|0|0|0|0|0|0|0
2017|35041661|NELSON STROILI PROFESSOR|20408|1|01/02/2017|21/12/2017|3|3506|35026|35|3543907|354390705|2|1|||||||||||1|1|1|0|0|0|0|0|0|0||0|0|0|1|1|0|0|0|0|1|0|0|0|1|0|0|1|0|0|0|0|0|1|1|1|0|0|0|1|1|1|1|1|1|0|0|0|1|0|0|0|1|0|0|1|0|0|1|1|0|0|0|0|0|12|9|1|0|1|1|0|1|1|1|1|1|1|1|1|2|0|2|2|0|2|2|2|1|2|1|2|23|9|14|1|1|56|1|0|0|1|0|0|0|1|0|||0|1|0|1|0|0|0|1|0|0|0|0|0|1|1|0|0|0|0|0|0|0|0|0|0|0|0|0|0|0|0|0
2017|35454624|MARINA FREDINE DAINESE CYRINO PROFA ESCOLA MUNICIPAL|20408|1|06/02/2017|20/12/2017|3|3506|35026|35|3543907|354390705|3|1|||||||||||1|1|1|0|0|0|0|0|0|0||0|0|0|1|1|0|0|0|0|1|0|0|0|1|0|0|1|0|0|0|0|0|1|0|0|0|0|1|0|1|1|0|0|0|0|1|0|0|1|0|0|1|0|1|1|1|0|1|1|0|0|0|0|0|6|6|1|0|1|0|0|0|1|1|1|0|0|1|0|2|0|1|0|0|0|2|1|8|0|0|1|0|0|0|0|0|31|1|1|0||0|0|0|1|0|||0|0|0|1|0|0|0|1|0|0|1|1|0|0|0|0|0|0|0|0|0|0|0|0|0|0|0|0|0|0|0|0
2017|35367084|DINAMICA ESCOLA INFANTIL E BERCARIO MEL|20408|1|06/02/2017|15/12/2017|3|3506|35026|35|3543907|354390705|4|1|1|0||1|1|1|1|1|||1|1|1|0|0|0|0|0|0|0||0|0|0|1|1|0|0|0|0|1|0|0|0|1|0|0|1|0|0|1|0|0|0|0|0|0|0|0|0|0|1|0|0|0|1|1|0|0|0|0|0|1|0|1|0|0|0|0|1|0|0|0|1|0|6|6|1|0|1|0|1|1|1|1|0|0|0|1|0|4|0|4|0|1|1|1|1|0|0|0|1|0|0|0|0|0|8|1|0|0||0|0|0|1|0|||0|0|0|1|0|0|0|1|0|0|1|1|0|0|0|0|0|0|0|0|0|0|0|0|0|0|0|0|0|0|0|0
2017|35921944|JOAO BAPTISTA NEGRAO FILHO PROFESSOR|20408|1|01/02/2017|21/12/2017|3|3506|35026|35|3543907|354390705|2|1|||||||||||1|1|1|0|0|0|0|0|0|0||0|0|0|1|1|0|0|0|0|1|0|0|0|1|0|0|1|0|0|1|0|0|1|1|1|0|1|1|0|1|1|0|1|1|0|0|0|0|0|1|0|1|0|1|0|1|0|1|1|0|0|0|0|0|9|8|1|1|1|0|0|0|0|1|1|1|0|1|1|2|1|1|0|0|0|0|2|1|1|0|1|21|4|17|1|1|45|1|1|0|1|0|0|0|1|0|||0|1|0|1|0|0|0|1|0|0|0|0|0|1|1|0|0|0|0|0|0|0|0|0|0|0|0|0|0|0|0|0
2017|35583844|ESCOLA MUNICIPAL CAMINHO DA VIDA PROFA MARGARIDA PENTEADO|20408|1|06/02/2017|20/12/2017|3|3506|35026|35|3543907|354390705|3|1|||||||||||1|1|1|0|0|0|0|0|0|0||0|0|0|1|1|0|0|0|0|1|0|0|0|1|0|0|1|0|0|0|0|0|1|1|0|0|1|0|0|0|1|0|1|1|1|1|1|1|1|1|1|1|1|1|1|1|0|1|1|0|0|0|1|0|9|9|1|0|1|0|0|0|1|0|1|1|0|0|1|2|0|2|0|0|0|1|0|8|1|0|0|1|1|0|1|1|48|1|1|0||0|0|0|1|0|||0|0|0|1|0|0|0|1|0|0|1|1|0|0|0|0|0|0|0|0|0|0|0|0|0|0|0|0|0|0|0|0
2017|35159025|NAZARENA ESCOLA DE ENSINO FUNDAMENTAL|20408|1|30/01/2017|20/12/2017|3|3506|35026|35|3543907|354390705|4|1|1|0||1|1|1|1|1|||1|1|2|0|0|0|0|0|0|0||0|0|0|1|1|0|0|0|0|1|0|0|0|1|0|0|1|0|0|0|0|0|1|1|0|1|0|0|1|1|1|1|0|1|1|0|0|1|0|1|0|1|0|1|0|0|0|0|1|0|0|0|0|0|12|12|1|1|1|0|1|1|1|1|1|1|1|1|1|2|1|1|0|2|1|3|2|2|1|1|1|6|5|1|1|1|30|0|0|0|1|0|0|0|1|0|||0|0|0|1|0|0|0|1|0|0|1|1|1|1|0|0|0|0|0|0|0|0|0|0|0|0|0|0|0|0|0|0
2017|35236342|FRANCISCA COAN ESCOLA MUNICIPAL|20408|1|06/02/2017|20/12/2017|3|3506|35026|35|3543907|354390705|3|1|||||||||||1|1|1|0|0|0|0|0|0|0||0|0|0|1|1|0|0|0|0|1|0|0|0|1|0|0|1|0|0|0|0|0|1|1|0|0|0|0|0|0|1|0|0|0|1|1|0|0|0|0|0|1|1|1|1|1|0|0|0|0|0|0|1|0|12|12|1|0|1|0|0|0|1|0|1|1|0|1|0|1|0|3|0|0|0|4|0|18|1|0|3|0|0|0|0|0|55|1|1|0||0|0|0|1|0|||0|0|0|1|0|0|0|1|0|0|1|0|0|0|0|0|0|0|0|0|0|0|0|0|0|0|0|0|0|0|0|0
2017|35530955|ESCOLA MUNICIPAL MARIA APARECIDA POLASTRI HARTUNG - DONA BIRRO|20408|1|06/02/2017|20/12/2017|3|3506|35026|35|3543907|354390705|3|1|||||||||||1|1|1|0|0|0|0|0|0|0||0|0|0|1|1|0|0|0|0|1|0|0|0|1|0|0|1|0|0|1|0|0|1|1|0|0|0|0|0|0|1|0|1|1|1|1|0|1|1|1|1|1|1|1|1|1|0|1|0|0|0|1|1|0|8|8|1|0|1|0|0|0|0|1|1|0|0|0|0|2|0|2|0|0|0|0|1|3|0|0|0|0|0|0|0|0|43|1|0|0||0|0|0|1|0|||0|0|0|1|0|0|0|1|0|0|1|1|0|0|0|0|0|0|0|0|0|0|0|0|0|0|0|0|0|0|0|0
2017|35563857|ESCOLA SUPERIOR DE TECNOLOGIA E EDUCACAO DE RIO CLARO|20408|2|||3|3506|35026|35|3543907|354390705|4|1|||||||||||||||||||||||||||||||||||||||||||||||||||||||||||||||||||||||||||||||||||||||||||||||||||||||||||||||||||||||||||||||||||||||||||||||||||||||
2017|35021568|MONSENHOR MARTINS|20408|2|||3|3506|35026|35|3543907|354390705|2|1|||||||||||||||||||||||||||||||||||||||||||||||||||||||||||||||||||||||||||||||||||||||||||||||||||||||||||||||||||||||||||||||||||||||||||||||||||||||
2017|35285973|SUELI APARECIDA MARIN PROFESSORA ESCOLA MUNICIPAL|20408|1|06/02/2017|20/12/2017|3|3506|35026|35|3543907|354390705|3|1|||||||||||1|1|1|0|0|0|0|0|0|0||0|0|0|1|1|0|0|0|0|1|0|0|0|1|0|0|1|0|0|0|0|0|1|1|0|0|0|0|1|1|1|0|1|1|0|0|0|0|0|0|0|1|0|1|0|1|0|1|0|0|0|0|0|0|5|5|1|0|1|0|0|1|1|1|1|1|0|1|0|2|0|2|0|0|1|1|2|3|1|0|3|0|0|0|0|0|35|1|0|1|1|0|0|0|1|0|||0|0|0|1|0|0|0|1|0|0|0|0|1|0|0|0|0|0|0|0|0|0|0|0|0|0|0|0|0|0|0|0
2017|35061402|BENJAMIN FERREIRA ESCOLA MUNICIPAL|20408|1|06/02/2017|18/12/2017|3|3506|35026|35|3543907|354390705|3|1|||||||||||1|1|1|0|0|0|0|0|0|0||0|0|0|1|1|0|0|0|0|1|0|0|0|1|0|0|1|0|0|0|0|0|0|1|0|0|0|0|0|0|1|0|0|0|1|0|0|0|0|0|0|1|0|1|0|1|0|0|0|0|0|0|0|0|4|4|1|0|1|0|1|0|1|1|1|1|0|1|0|2|0|1|0|1|0|1|2|6|1|0|2|0|0|0|0|0|25|1|0|1||0|0|0|1|0|||0|0|0|1|0|0|0|1|0|0|1|1|0|0|0|0|0|0|0|0|0|0|0|0|0|0|0|0|0|0|0|0
2017|35917916|ZITA DE GODOY CAMARGO PROFESSORA|20408|1|01/02/2017|21/12/2017|3|3506|35026|35|3543907|354390705|2|1|||||||||||1|1|1|0|0|0|0|0|0|0||0|0|0|1|1|0|0|0|0|1|0|0|0|1|0|0|1|0|0|1|0|1|1|1|1|0|0|1|0|1|1|0|1|1|0|0|0|0|0|1|0|1|0|1|1|1|0|1|1|0|0|0|0|0|12|12|1|0|0|0|0|0|1|1|1|1|0|1|1|3|0|0|0|0|0|3|3|2|3|0|2|24|8|16|1|1|87|1|0|0|1|0|0|0|1|0|||0|0|0|1|0|0|0|1|0|0|0|0|0|1|1|0|0|0|0|0|0|0|0|0|0|0|0|0|0|0|0|0
2017|35093531|DANTE EGREGGIO ESCOLA MUNICIPAL|20408|1|06/02/2017|20/12/2017|3|3506|35026|35|3543907|354390705|3|1|||||||||||1|1|1|0|0|0|0|0|0|0||0|0|0|1|1|0|0|0|0|1|0|0|0|1|0|0|1|0|0|0|0|0|1|1|1|0|0|0|0|0|1|0|1|1|1|0|1|1|0|1|0|1|0|0|1|1|0|1|0|0|0|0|0|0|5|5|1|1|1|0|1|1|1|1|1|1|1|1|1|3|1|1|0|1|1|3|1|8|1|1|1|21|3|18|1|0|30|1|0|0|1|0|0|0|1|0|||0|0|0|1|0|0|0|1|0|0|0|0|1|0|0|0|0|0|0|0|0|0|0|0|0|0|0|0|0|0|0|0
2017|35021748|RAUL FERNANDES CHANCELER|20408|1|01/02/2017|21/12/2017|3|3506|35026|35|3543907|354390705|2|1|||||||||||1|1|1|0|0|0|0|0|0|0||0|0|0|1|1|0|0|0|0|1|0|0|0|1|0|0|1|0|0|0|0|0|1|1|1|0|0|0|0|0|1|0|1|1|0|0|1|1|0|0|0|1|0|1|1|1|0|1|1|0|0|0|0|0|18|18|1|0|1|1|0|1|1|1|0|1|0|1|1|3|0|1|1|0|1|5|2|0|17|0|4|2|1|1|1|1|33|1|0|0||0|0|0|1|0|||0|0|0|1|0|0|0|1|0|0|0|0|0|0|1|0|0|0|0|0|0|0|0|0|0|0|0|0|0|0|0|0
2017|35021593|DJILIAH CAMARGO DE SOUZA PROFA|20408|2|||3|3506|35026|35|3543907|354390705|2|1|||||||||||||||||||||||||||||||||||||||||||||||||||||||||||||||||||||||||||||||||||||||||||||||||||||||||||||||||||||||||||||||||||||||||||||||||||||||
2017|35045901|VICTORINO MACHADO PROF|20408|2|||3|3506|35026|35|3543907|354390705|2|1|||||||||||||||||||||||||||||||||||||||||||||||||||||||||||||||||||||||||||||||||||||||||||||||||||||||||||||||||||||||||||||||||||||||||||||||||||||||
2017|35114066|CLARETIANO COLEGIO|20408|1|25/01/2017|19/12/2017|3|3506|35026|35|3543907|354390705|4|1|4|0||1|0|0|0|0|||1|1|2|0|0|0|0|0|0|0||0|0|0|1|1|0|0|0|0|1|0|0|0|1|0|0|1|0|0|0|0|0|1|1|1|1|0|1|1|1|1|1|1|1|1|0|0|1|1|1|1|1|1|1|0|1|1|1|0|0|0|0|0|0|75|75|1|1|1|0|1|1|1|1|1|1|0|1|1|2|2|3|0|6|5|6|6|15|20|0|1|80|30|50|1|1|73|0|0|0|1|0|0|0|1|0|||0|0|0|1|0|0|0|1|0|0|1|1|1|1|1|0|0|0|0|0|0|0|0|0|0|0|0|0|0|0|0|0
2017|35246037|LUIZ MARTINS RODRIGUES FILHO PROF ESCOLA MUNICIPAL|20408|1|06/02/2017|20/12/2017|3|3506|35026|35|3543907|354390705|3|1|||||||||||1|1|1|0|0|0|0|1|0|0||0|0|1|1|1|0|0|0|0|1|0|0|0|1|0|0|1|0|0|0|0|0|1|1|0|0|1|0|0|0|1|0|0|0|1|0|0|0|0|1|0|1|1|1|1|1|0|1|0|0|0|0|0|0|12|12|1|0|1|0|1|0|1|1|1|1|0|0|0|2|0|1|0|1|0|3|2|1|1|0|0|0|0|0|0|0|54|1|1|0|1|0|0|0|1|0|||0|0|0|1|0|0|0|1|0|0|1|1|1|0|0|0|0|0|0|0|0|0|0|0|0|0|0|0|0|0|0|0
2017|35285961|SUELI MARIA PRONI CERRI PROFESSORA ESCOLA MUNICIPAL|20408|1|06/02/2017|18/12/2017|3|3506|35026|35|3543907|354390705|3|1|||||||||||1|1|1|0|0|0|0|0|0|0||0|0|0|1|1|0|0|0|0|1|0|0|0|1|0|0|1|0|0|0|0|0|1|1|0|0|0|0|0|0|1|0|0|0|1|0|1|1|0|0|0|1|0|1|1|1|0|1|0|0|0|0|1|0|6|6|1|0|1|0|1|0|1|1|1|0|0|1|0|2|0|1|0|1|0|1|1|7|0|0|1|0|0|0|0|0|39|1|0|0||0|0|0|1|0|||0|0|0|1|0|0|0|1|0|0|1|1|0|0|0|0|0|0|0|0|0|0|0|0|0|0|0|0|0|0|0|0
2017|35061396|PEDRO DOM I ESCOLA MUNICIPAL|20408|1|06/02/2017|20/12/2017|3|3506|35026|35|3543907|354390705|3|1|||||||||||1|1|1|0|0|0|0|0|0|0||0|0|0|1|1|0|0|0|0|1|0|0|0|1|0|0|1|0|0|0|0|0|1|1|1|0|0|1|0|1|1|0|1|1|1|0|0|0|0|0|0|1|0|1|1|1|0|0|1|0|0|0|1|0|11|11|1|1|1|0|1|1|1|0|1|1|0|1|0|2|1|1|0|2|1|4|0|2|1|0|3|0|0|0|0|0|52|1|0|0||0|0|0|1|0|||0|0|0|1|0|0|0|1|0|0|1|1|0|0|0|0|0|0|0|0|0|0|0|0|0|0|0|0|0|0|0|0
2017|35159013|RIO CLARO SISTEMA DE ENSINO|20408|1|30/01/2017|12/12/2017|3|3506|35026|35|3543907|354390705|4|1|1|0||1|0|0|0|0||322|1|1|1|0|0|0|0|0|0|0||0|0|0|1|1|0|0|0|0|1|0|0|0|1|0|0|0|0|0|1|0|0|1|1|1|1|0|1|0|1|1|1|1|1|1|0|0|1|1|1|1|1|1|1|1|1|1|1|0|0|0|0|0|0|34|34|1|0|1|0|1|1|1|1|1|1|1|1|1|1|0|1|0|3|2|8|3|4|11|1|1|52|21|31|1|1|107|1|0|0|1|0|0|0|1|0|||0|1|0|1|0|0|0|1|0|0|1|1|1|1|1|0|0|0|0|0|0|0|0|0|0|0|0|0|0|0|0|0
2017|35149111|SENAC RIO CLARO|20408|1|02/01/2017|22/12/2017|3|3506|35026|35|3543907|354390705|4|1|1|0||1|0|0|0|0|||1|1|3|0|0|0|0|0|0|0||0|0|0|1|1|0|0|0|0|1|0|0|0|1|0|0|1|0|0|1|0|0|1|0|1|0|0|0|0|0|0|1|0|1|0|0|0|0|0|1|0|0|0|0|0|1|1|0|1|0|0|0|0|0|11|11|1|0|1|1|0|0|1|1|0|1|0|1|1|3|0|3|1|0|0|1|8|0|15|0|1|75|22|49|1|1|63|0|0|0||0|0|0|1|0|||0|1|0|1|0|0|0|0|0|1|0|0|0|0|0|0|0|0|0|0|0|0|0|0|0|0|0|0|0|0|1|0
2017|35078694|LAURA PENNA JOLY PROFA ESCOLA MUNICIPAL|20408|1|06/02/2017|20/12/2017|3|3506|35026|35|3543907|354390710|3|2|||||||||||1|1|1|0|0|0|0|0|0|0||0|0|0|1|1|0|0|0|0|1|0|0|0|1|0|0|1|0|0|0|0|0|1|1|0|0|0|0|0|0|1|0|0|0|1|1|1|1|0|0|0|0|1|1|1|1|0|0|0|0|0|0|1|0|8|8|1|0|0|0|1|0|1|1|1|1|0|1|1|1|0|0|0|1|0|2|1|3|1|0|2|5|5|0|1|1|38|1|0|1|0|0|0|0|1|0|||0|0|0|1|0|0|0|1|0|0|1|1|0|0|0|0|0|0|0|0|0|0|0|0|0|0|0|0|0|0|0|0
2017|35282182|SEBASTIAO AMBROZIO PROF ESCOLA MUNICIPAL|20408|1|06/02/2017|20/12/2017|3|3506|35026|35|3543907|354390705|3|1|||||||||||1|1|1|0|0|0|0|0|0|0||0|0|0|1|1|0|0|0|0|1|0|0|0|1|0|0|1|0|0|0|0|0|1|0|0|0|1|0|0|0|1|0|0|0|0|1|0|0|1|0|0|1|0|1|1|0|0|1|0|0|0|0|0|0|8|8|1|0|1|0|1|0|1|1|1|1|0|1|0|1|0|1|0|4|0|4|3|10|1|0|2|0|0|0|0|0|36|1|1|0||0|0|0|1|0|||0|0|0|1|0|0|0|1|0|0|1|0|0|0|0|0|0|0|0|0|0|0|0|0|0|0|0|0|0|0|0|0
2017|35442057|ANGELA MONACO PERIN AILY PROFESSORA ESCOLA MUNICIPAL|20408|1|06/02/2017|20/12/2017|3|3506|35026|35|3543907|354390705|3|1|||||||||||1|1|1|0|0|0|0|0|0|0||0|1|0|1|1|0|0|0|0|1|0|0|0|1|0|0|1|0|0|0|0|0|1|1|0|0|1|1|0|1|1|1|0|1|0|0|0|1|0|1|1|1|1|1|1|1|0|1|0|0|0|0|1|0|14|14|1|0|1|0|1|1|1|1|1|1|0|1|1|3|0|3|0|1|1|5|4|20|2|0|1|13|6|4|1|1|71|1|1|1|1|0|0|0|1|0|||0|0|0|1|0|0|0|1|0|0|0|0|1|0|0|0|0|0|0|0|0|0|0|0|0|0|0|0|0|0|0|0
2017|35236408|COMECINHO DE VIDA DIVA CABRAL DE OLIVEIRA PROFA CRECHE|20408|1|06/02/2017|18/12/2017|3|3506|35026|35|3543907|354390705|3|1|||||||||||1|1|1|0|0|0|0|0|0|0||0|0|0|1|1|0|0|0|0|1|0|0|0|1|0|0|1|0|0|0|0|0|1|0|0|0|0|0|0|0|1|0|0|0|1|1|0|0|0|0|0|0|1|1|1|1|0|0|1|0|0|0|1|0|3|3|1|0|1|0|0|0|0|1|1|1|0|0|1|1|0|1|0|0|0|0|1|4|1|0|0|1|1|0|1|1|11|1|0|0||0|0|0|1|0|||0|0|0|1|0|0|0|1|0|0|1|0|0|0|0|0|0|0|0|0|0|0|0|0|0|0|0|0|0|0|0|0
2017|35204973|LUCIDIA THEREZINHA CASSAVIA ESCRIVAO SOARES EM|20408|1|06/02/2017|20/12/2017|3|3506|35026|35|3543907|354390705|3|1|||||||||||1|1|1|0|0|0|0|0|0|0||0|0|0|1|1|0|0|0|0|1|0|0|0|1|0|0|1|0|0|0|0|0|1|1|0|0|0|0|0|0|0|0|0|0|0|0|1|1|0|0|0|1|0|0|0|1|0|1|0|0|0|0|0|0|6|6|1|0|1|1|1|1|1|1|1|1|0|1|1|6|0|6|1|1|1|1|3|7|1|0|2|4|4|0|1|1|29|1|0|1||0|0|0|1|0|||0|0|0|1|0|0|0|1|0|0|1|1|0|0|0|0|0|0|0|0|0|0|0|0|0|0|0|0|0|0|0|0
2017|35267338|MONSENHOR MARTINS ESCOLA MUNICIPAL|20408|1|06/02/2017|20/12/2017|3|3506|35026|35|3543907|354390705|3|1|||||||||||1|1|1|0|0|0|0|0|0|0||0|0|0|1|1|0|0|0|0|1|0|0|0|1|0|0|1|0|0|1|0|0|1|1|1|0|1|1|0|1|1|0|1|1|1|0|1|1|0|0|0|1|0|1|1|1|1|1|0|0|0|0|0|0|16|16|1|1|1|1|1|1|1|1|1|1|0|1|1|8|4|7|1|3|1|4|5|16|3|0|1|12|7|12|0|0|81|1|1|0|1|0|0|0|1|0|||0|0|0|1|0|0|0|1|0|0|0|0|1|0|0|0|0|0|0|0|0|0|0|0|0|0|0|0|0|0|0|0
2017|35145524|APAE DE RIO CLARO|20408|1|23/01/2017|19/12/2017|3|3506|35026|35|3543907|354390705|4|1|4|1|3|1|1|1|1|1|||1|1|1|0|0|0|0|0|0|0||0|0|0|1|1|0|0|0|0|1|0|0|0|1|0|0|1|0|0|0|0|0|1|0|1|0|0|0|1|1|1|0|0|0|1|0|0|1|1|1|1|1|1|1|1|1|1|0|1|0|0|1|1|0|19|19|1|1|1|0|1|1|1|1|1|1|0|1|1|4|3|3|0|2|1|4|2|4|1|0|4|26|21|5|1|1|19|1|1|0|1|0|0|0|1|0|||0|0|0|1|0|0|1|1|0|0|0|0|0|0|0|0|0|0|0|1|0|0|0|0|0|0|0|0|0|0|0|0
2017|35355148|FERRAZ|20408|2|||3|3506|35026|35|3543907|354390710|2|2|||||||||||||||||||||||||||||||||||||||||||||||||||||||||||||||||||||||||||||||||||||||||||||||||||||||||||||||||||||||||||||||||||||||||||||||||||||||
2017|35067398|JOSE MARTINS DA SILVA PROF ESCOLA MUNICIPAL|20408|1|06/02/2017|20/12/2017|3|3506|35026|35|3543907|354390705|3|1|||||||||||1|1|1|0|0|0|0|0|0|0||0|0|0|1|1|0|0|0|0|1|0|0|0|1|0|0|1|0|0|0|0|0|1|1|0|0|0|0|0|0|1|0|1|1|1|0|1|1|0|1|0|1|0|1|1|1|0|0|0|0|0|0|1|0|10|10|1|0|1|1|1|0|1|1|1|1|1|1|1|2|0|2|1|1|0|2|1|10|1|1|2|4|4|0|1|1|47|1|0|1|0|0|0|0|1|0|||0|0|0|1|0|0|0|1|0|0|1|1|0|0|0|0|0|0|0|0|0|0|0|0|0|0|0|0|0|0|0|0
2017|35367011|EDUCATIVA ESCOLA DE EDUCACAO INFANTIL|20408|1|20/01/2017|14/12/2017|3|3506|35026|35|3543907|354390705|4|1|1|0||1|0|0|0|0|||1|1|1|0|0|0|0|0|0|0||0|0|0|1|1|0|0|0|0|1|0|0|0|1|0|0|1|0|0|1|0|0|0|0|0|0|0|0|0|0|1|0|1|1|1|1|0|1|1|1|1|1|1|1|1|1|0|0|1|0|0|0|1|0|4|4|1|0|1|0|0|0|0|1|1|0|0|1|1|2|0|1|0|0|0|0|1|1|0|0|1|1|1|0|1|1|17|1|0|0||0|0|0|1|0|||0|0|0|1|0|0|0|1|0|0|1|1|0|0|0|0|0|0|0|0|0|0|0|0|0|0|0|0|0|0|0|0
2017|35021702|JOAO BATISTA LEME PROFESSOR|20408|1|01/02/2017|21/12/2017|3|3506|35026|35|3543907|354390705|2|1|||||||||||1|1|1|0|0|0|0|0|0|0||0|0|0|1|1|0|0|0|0|1|0|0|0|1|0|0|1|0|0|1|0|0|1|1|1|0|0|1|1|1|1|0|1|1|0|0|0|0|0|0|0|1|0|1|0|0|0|0|1|0|0|0|0|0|22|22|1|0|1|0|0|1|1|1|0|1|1|1|1|1|0|2|0|0|2|4|3|0|19|1|2|23|5|18|1|1|90|1|0|0|1|0|0|0|1|0|||0|1|0|1|0|0|0|1|0|0|0|0|0|1|1|0|0|0|0|0|0|0|0|0|0|0|0|0|0|0|0|0
2017|35236385|MORA GUIMARAES ESCOLA MUNICIPAL|20408|1|06/02/2017|20/12/2017|3|3506|35026|35|3543907|354390705|3|1|||||||||||1|1|1|0|0|0|0|0|0|0||0|0|1|1|1|0|0|0|0|1|0|0|0|1|0|0|1|0|0|0|0|0|1|0|0|0|0|0|0|0|1|0|0|0|1|1|0|0|1|0|0|1|0|1|1|1|0|0|1|0|0|0|1|0|4|4|1|0|1|0|0|0|1|1|1|1|0|1|1|1|0|1|0|0|0|1|1|1|1|0|3|3|3|0|1|1|24|1|0|0||0|0|0|1|0|||0|0|0|1|0|0|0|1|0|0|1|0|0|0|0|0|0|0|0|0|0|0|0|0|0|0|0|0|0|0|0|0
2017|35267296|DIVA MARQUES GOUVEA PROFA ESCOLA MUNICIPAL|20408|1|06/02/2017|20/12/2017|3|3506|35026|35|3543907|354390705|3|1|||||||||||1|1|1|0|0|0|0|0|0|0||0|0|0|1|1|0|0|0|0|1|0|0|0|1|0|0|1|0|0|0|0|0|1|1|1|0|1|0|1|1|1|0|1|1|1|0|0|0|0|0|0|1|0|1|1|0|0|1|1|0|0|0|0|0|14|14|1|0|1|0|1|1|1|1|1|1|1|1|1|12|0|8|0|4|1|6|4|9|2|1|2|18|4|14|1|1|42|1|1|1|1|0|0|0|1|0|||0|0|0|1|0|0|0|1|0|0|0|0|1|0|0|0|0|0|0|0|0|0|0|0|0|0|0|0|0|0|0|0
2017|35246049|ESCOLA MUNICIPAL PROFESSOR ARMANDO GRISI|20408|1|06/02/2017|20/12/2017|3|3506|35026|35|3543907|354390705|3|1|||||||||||1|1|1|0|0|0|0|0|0|0||0|0|0|1|1|0|0|0|0|1|0|0|0|1|0|0|1|0|0|0|0|0|1|1|1|0|1|1|0|1|1|0|1|1|1|0|0|0|0|1|0|1|1|1|1|1|0|0|1|0|0|0|1|0|12|12|1|0|1|0|1|0|1|1|1|1|0|1|1|2|0|1|0|1|0|2|1|2|1|0|1|12|8|4|1|1|79|1|1|0|1|0|0|0|1|0|||0|0|0|1|0|0|0|1|1|0|0|0|1|0|0|0|0|0|0|0|0|0|0|0|1|0|0|0|0|0|0|0
2017|35283812|NEPHTALI VIEIRA JUNIOR PASTOR ESCOLA MUNICIPAL|20408|1|06/02/2017|20/12/2017|3|3506|35026|35|3543907|354390705|3|1|||||||||||1|1|1|0|0|0|0|0|0|0||0|0|0|1|1|0|0|0|0|1|0|0|0|1|0|0|1|0|0|0|0|0|1|1|0|0|0|0|0|0|1|0|0|0|1|1|0|0|0|0|0|1|0|1|0|1|0|0|1|0|0|0|1|0|7|7|1|0|1|0|1|0|1|1|1|1|0|1|1|4|0|4|0|1|0|2|1|14|1|0|2|4|3|1|1|0|40|1|1|0||0|0|0|1|0|||0|0|0|1|0|0|0|1|0|0|1|1|0|0|0|0|0|0|0|0|0|0|0|0|0|0|0|0|0|0|0|0
2017|35021817|ARMANDO BAYEUX DA SILVA PROF ETEC|11000|1|06/02/2017|12/12/2017|3|3506|35026|35|3543907|354390705|2|1|||||||||||1|1|1|0|0|0|0|0|0|0||0|0|0|1|1|0|0|0|0|1|0|0|0|1|0|0|1|0|0|0|0|0|1|1|1|1|0|0|1|1|1|1|0|1|0|0|1|1|0|1|0|1|0|0|0|1|0|1|0|0|0|0|0|0|12|17|1|1|1|0|0|0|1|1|1|1|0|1|1|8|1|2|0|0|0|4|7|4|13|0|2|193|25|168|1|1|85|1|0|0||0|0|0|1|0|||0|0|0|1|0|0|0|1|0|1|0|0|0|0|1|1|0|0|0|0|0|0|0|0|0|0|0|0|0|0|1|0
2017|35236366|ROSA MARIA CASTELLANO PIERONI ESCOLA MUNICIPAL|20408|1|06/01/2017|20/12/2017|3|3506|35026|35|3543907|354390705|3|1|||||||||||1|1|1|0|0|0|0|0|0|0||0|0|0|1|1|0|0|0|0|1|0|0|0|1|0|0|1|0|0|0|0|0|1|1|0|0|1|0|0|0|1|0|0|0|1|1|0|0|1|1|0|1|1|1|1|1|0|0|1|0|0|0|1|0|8|8|1|0|1|0|0|0|1|1|1|1|1|1|0|8|0|8|0|0|0|3|2|5|1|1|2|0|0|0|0|0|39|1|1|0||0|0|0|1|0|||0|0|0|1|0|0|0|1|0|0|1|0|0|0|0|0|0|0|0|0|0|0|0|0|0|0|0|0|0|0|0|0
2017|35287489|ESTRELA DA ESPERANCA INSTITUTO|20408|1|01/02/2017|21/12/2017|3|3506|35026|35|3543907|354390705|4|1|3|0||1|1|1|1|1|||1|1|1|0|0|0|0|0|0|0||0|0|0|1|1|0|0|0|0|1|0|0|0|1|0|0|1|0|0|0|0|0|1|1|0|0|0|0|0|0|1|0|0|0|0|0|0|0|0|1|0|0|0|0|0|0|0|1|0|0|0|0|0|0|13|13|1|0|0|0|0|0|1|0|1|0|0|0|0|3|0|0|0|0|0|2|0|1|0|0|0|0|0|0|0|0|5|0|0|0|0|0|0|0|1|0|||0|0|0|1|0|0|1|1|0|0|0|0|0|0|0|0|0|0|0|1|0|0|0|0|0|0|0|0|0|0|0|0
2017|35302223|GIRASSOL ESCOLA DE EDUCACAO INFANTIL||4|||3|3506|35026|35|3543907|354390705|4|1|||||||||||||||||||||||||||||||||||||||||||||||||||||||||||||||||||||||||||||||||||||||||||||||||||||||||||||||||||||||||||||||||||||||||||||||||||||||
2017|35136116|PIMENTINHAS ESCOLA EDUCACAO INFANTIL||4|||3|3506|35026|35|3543907|354390705|4|1|||||||||||||||||||||||||||||||||||||||||||||||||||||||||||||||||||||||||||||||||||||||||||||||||||||||||||||||||||||||||||||||||||||||||||||||||||||||
2017|35141604|RIO CLARO SISTEMA DE ENSINO UNIDADE II|20408|4|||3|3506|35026|35|3543907|354390705|4|1|||||||||||||||||||||||||||||||||||||||||||||||||||||||||||||||||||||||||||||||||||||||||||||||||||||||||||||||||||||||||||||||||||||||||||||||||||||||
2017|35261154|SESI 35 UNIDADE DE ENSINO A DISTANCIA||4|||3|3506|35026|35|3543907|354390705|4|1|||||||||||||||||||||||||||||||||||||||||||||||||||||||||||||||||||||||||||||||||||||||||||||||||||||||||||||||||||||||||||||||||||||||||||||||||||||||
2017|35453638|BEBE VIDA ESCOLA DE EDUCACAO INFANTIL||4|||3|3506|35026|35|3543907|354390705|4|1|||||||||||||||||||||||||||||||||||||||||||||||||||||||||||||||||||||||||||||||||||||||||||||||||||||||||||||||||||||||||||||||||||||||||||||||||||||||
2017|35158136|SESI 11 CENTRO DE EDUCACAO INFANTIL||4|||3|3506|35026|35|3543907|354390705|4|1|||||||||||||||||||||||||||||||||||||||||||||||||||||||||||||||||||||||||||||||||||||||||||||||||||||||||||||||||||||||||||||||||||||||||||||||||||||||
2017|35125027|CRIANCA FELIZ ESCOLA DE EDUCACAO INFANTIL|20408|4|||3|3506|35026|35|3543907|354390705|4|1|||||||||||||||||||||||||||||||||||||||||||||||||||||||||||||||||||||||||||||||||||||||||||||||||||||||||||||||||||||||||||||||||||||||||||||||||||||||
2017|35021581|ANTONIO SEBASTIAO DA SILVA PROF||4|||3|3506|35026|35|3543907|354390705|2|1|||||||||||||||||||||||||||||||||||||||||||||||||||||||||||||||||||||||||||||||||||||||||||||||||||||||||||||||||||||||||||||||||||||||||||||||||||||||
2017|35021600|DIVA MARQUES GOUVEA PROFA||4|||3|3506|35026|35|3543907|354390705|2|1|||||||||||||||||||||||||||||||||||||||||||||||||||||||||||||||||||||||||||||||||||||||||||||||||||||||||||||||||||||||||||||||||||||||||||||||||||||||
